province,city_name,city_code,rain24h
湖北省,十堰,BREJr,23.0
广西壮族自治区,防城,jOvlz,22.1
内蒙古自治区,新巴尔虎右旗,GVqqU,21.1
湖南省,宁乡,vRUXM,19.1
陕西省,麟游,oxLal,18.1
海南省,万宁,TtrxS,16.6
陕西省,白河,eIovq,15.8
湖北省,郧西,dqXoc,15.5
湖北省,郧阳,MdlIv,15.3
湖北省,竹山,ZVetP,14.5
河南省,淅川,iamyl,12.8
河南省,栾川,mcJvP,11.6
广西壮族自治区,钦州,jPyoz,11.3
四川省,阆中,rEyHe,10.7
河南省,内乡,RWzAc,10.2
陕西省,扶风,tcQyi,10.1
陕西省,丹凤,HrPSf,10.0
陕西省,紫阳,qujSt,10.0
陕西省,山阳,EGeZr,10.0
四川省,巴中,UxUlc,9.7
湖北省,南漳,qCEfB,9.5
陕西省,岐山,qmPpg,9.4
四川省,南江,viieF,9.4
湖南省,桃江,rJTxk,9.3
湖北省,夷陵三峡,bTPcC,9.3
湖北省,兴山,zevgq,9.1
湖北省,恩施,zKHUp,9.1
四川省,平昌,VdEKs,9.0
陕西省,商州,bwUtG,8.9
湖北省,秭归,VQNUU,8.6
陕西省,南郑,FNBBc,8.6
湖北省,丹江口,ztads,8.6
四川省,苍溪,QNApE,8.4
湖北省,谷城,WjbHS,8.4
陕西省,彬州,oodKU,8.3
陕西省,旬阳,uEVEn,8.2
四川省,前锋,cRHwZ,8.1
湖北省,老河口,DBJmD,8.0
湖北省,宜城,WAkbT,8.0
湖北省,襄阳,fTXja,7.8
陕西省,宜君,rURnf,7.7
四川省,大竹,mFxpi,7.7
陕西省,汉中,cASRq,7.7
河南省,登封,QjeZO,7.6
河南省,宜阳,zNQnV,7.5
河南省,伊川,HbtHa,7.5
四川省,万源,CitjR,7.4
河南省,鲁山,HcTiH,7.4
重庆市,城口,eavwd,7.3
四川省,兴文,ETYKD,7.2
陕西省,兴平,exydQ,7.2
陕西省,凤翔,vNkSA,7.1
湖北省,建始,SRuMv,7.1
陕西省,旬邑,HWqri,7.1
湖北省,远安,nRCDs,7.0
陕西省,延安,gtpZu,7.0
河南省,西峡,rzsUT,6.9
陕西省,洛南,hmDhb,6.9
陕西省,商南,EbthY,6.8
陕西省,杨凌,EiWZj,6.8
湖北省,保康,oqWyH,6.8
陕西省,永寿,MqOdV,6.8
河南省,镇平,MqOfh,6.8
河南省,桐柏,WbHnL,6.8
贵州省,赤水,Fyafg,6.7
河南省,宝丰,nAcuJ,6.6
陕西省,镇坪,AsKPA,6.6
湖北省,房县,FEijB,6.6
湖北省,宣恩,FufZg,6.5
四川省,旺苍,yxsyn,6.5
河南省,邓州,ALlGb,6.5
重庆市,长寿,mDPjt,6.4
海南省,琼中,HgARP,6.3
陕西省,眉县,sczdz,6.2
广东省,潮州,CSTxF,6.2
河南省,卢氏,HzXJK,6.2
陕西省,榆林,eEPbq,6.2
陕西省,延川,HDzyP,6.2
陕西省,洛川,RrumW,6.2
陕西省,志丹,kTYbH,6.1
湖南省,赫山,ljEDf,6.1
重庆市,巫山,uSMWc,6.1
甘肃省,西峰,sXwtL,6.1
湖北省,宜昌,ekVpr,6.0
重庆市,綦江,ivlNL,6.0
河南省,南召,XQbzt,6.0
河南省,嵩县,WKgrt,6.0
陕西省,长武,RRVoo,6.0
陕西省,陈仓,XBggT,6.0
陕西省,淳化,jeBQU,6.0
陕西省,安塞,XKqRX,6.0
河南省,平顶山,nRecJ,6.0
湖北省,巴东,zJfzY,5.9
陕西省,甘泉,PWPqX,5.9
湖北省,随州,VHSxv,5.8
湖北省,枣阳,uGloJ,5.8
湖北省,公安,KekHK,5.8
甘肃省,正宁,impSE,5.7
福建省,屏南,hdkzx,5.7
甘肃省,宁县,lAmjf,5.7
河南省,郏县,hAfgu,5.6
四川省,华蓥,EjrYd,5.6
湖北省,随县,zMqDf,5.5
陕西省,宁强,bjqkU,5.5
湖北省,竹溪,ftxHu,5.5
陕西省,富县,QfWPS,5.5
陕西省,平利,yQbHi,5.5
河南省,南阳,vRweN,5.5
河南省,新郑,kpoPZ,5.4
河南省,泌阳,ftgII,5.4
河南省,临颍,iTyXp,5.4
湖北省,云梦,PLBSr,5.3
四川省,邻水,EhvQh,5.3
陕西省,宝鸡,jrjXm,5.3
河南省,洛宁,HaOBO,5.3
四川省,仪陇新政,hvews,5.3
陕西省,汉阴,TwYEu,5.3
陕西省,白水,lrIpm,5.2
四川省,营山,zzseP,5.2
湖北省,神农架,liRVu,5.2
陕西省,武功,dOgXs,5.2
湖北省,宜都,JHJWL,5.2
陕西省,礼泉,xZaaP,5.1
陕西省,秦都,IVixd,5.1
河南省,襄城,MyGEg,5.1
河南省,新密,LoaLx,5.1
湖北省,钟祥,FLmyq,5.1
陕西省,清涧,prSPO,5.1
四川省,合江,DprjI,5.1
甘肃省,庆城,eWgYP,5.0
陕西省,泾阳,UuKku,5.0
广西壮族自治区,乐业,fvIzP,5.0
四川省,西充,PtFdY,5.0
陕西省,安康,RprEI,5.0
河南省,许昌,ZzMTA,4.9
甘肃省,灵台,jxyvf,4.9
重庆市,开州,DYoqI,4.9
湖北省,孝感,CQLZw,4.9
陕西省,华山,cKPRS,4.9
湖北省,天门,WxkfH,4.9
河南省,汝阳,onqmI,4.9
陕西省,岚皋,lpGJm,4.8
陕西省,周至,YGOXn,4.8
重庆市,万盛,PeJwF,4.8
四川省,通江,NcACM,4.8
湖南省,南岳,gMqBs,4.7
河南省,方城,NPIhR,4.7
河南省,中牟,KMtvV,4.7
河南省,社旗,oOUuS,4.7
四川省,古蔺,JkbCa,4.6
河南省,信阳,hdKHW,4.6
河南省,漯河,lncFZ,4.6
河南省,鄢陵,NbMuX,4.6
湖北省,应城,rGLMc,4.5
河南省,扶沟,Emcgf,4.5
陕西省,石泉,TlXfd,4.5
宁夏回族自治区,盐池,FsnjH,4.5
陕西省,佛坪,nXDqS,4.4
湖北省,夷陵,hVvAC,4.4
甘肃省,镇原,iBsYQ,4.3
陕西省,略阳,tKMDB,4.3
湖北省,鹤峰,aTFNA,4.3
湖北省,来凤,NNfJp,4.3
河南省,禹州,HFqwM,4.3
四川省,蓬安,CYTUn,4.2
湖南省,长沙市,zOenJ,4.2
湖北省,咸丰,KSDOF,4.2
陕西省,乾县,CqlHa,4.1
江西省,宜黄,RQClf,4.1
河南省,西华,GBJUE,4.1
湖北省,当阳,LwXQO,4.1
湖北省,咸宁,BokVQ,4.0
福建省,周宁,vSWUe,4.0
河南省,息县,tSCUn,4.0
陕西省,镇巴,RjpPA,4.0
陕西省,城固,aKKWU,4.0
湖北省,石首,NOyuq,4.0
安徽省,霍山,HMeMG,3.9
陕西省,吴起,cdFMC,3.9
陕西省,临潼,zRMYD,3.8
河南省,郑州,YVItN,3.8
重庆市,渝北,xFVYU,3.8
山西省,交口,RAxFj,3.8
河南省,新野,UcjEf,3.8
陕西省,千阳,lQoKf,3.7
湖北省,安陆,RMZis,3.7
陕西省,勉县,ahPQB,3.7
陕西省,华州,zVYfc,3.7
湖北省,利川,bLYlG,3.7
陕西省,富平,BpoKt,3.7
陕西省,留坝,tejPC,3.7
河南省,长葛,sHlBF,3.7
甘肃省,华池,IqwuL,3.7
陕西省,柞水,SifiE,3.6
四川省,广安区,FoeFd,3.6
四川省,岳池,yFOsJ,3.6
贵州省,习水,shhLy,3.6
湖北省,长阳,uAZAP,3.6
贵州省,大方,YDxxS,3.6
河南省,罗山,rhndw,3.6
重庆市,垫江,OqThL,3.6
湖南省,安乡,ejqKF,3.6
河南省,新安,vMxzb,3.6
河南省,孟津,lIgVp,3.5
河南省,洛阳,rYaxY,3.5
湖北省,大悟,bmINw,3.5
山西省,芮城,reeTF,3.5
河南省,唐河,jQYDK,3.4
四川省,天全,hcVXJ,3.4
湖北省,五峰,AAHzJ,3.4
陕西省,长安,NnPsM,3.4
江西省,宜春,OqvoJ,3.3
湖北省,阳新,vraeg,3.3
重庆市,奉节,JHIrC,3.3
河南省,正阳,uiooJ,3.3
河南省,偃师,CwmVv,3.3
湖南省,攸县,UUaLX,3.3
湖南省,长沙黄花,pwvLl,3.3
四川省,盐亭,WvCVx,3.3
重庆市,巫溪,QUGEw,3.3
湖南省,望城区,vcKIn,3.3
四川省,蓬溪,KxrUp,3.2
陕西省,鄠邑,WJups,3.2
河南省,荥阳,JAxZP,3.2
陕西省,三原,ycvtU,3.2
四川省,南充,vihpz,3.2
湖南省,南县,wIetl,3.2
陕西省,洋县,lDiMR,3.2
湖北省,荆门,vGwSN,3.2
重庆市,铜梁,uymdU,3.2
湖南省,汉寿,RvbiI,3.2
青海省,大通,cNxyI,3.2
云南省,绥江,JiGSi,3.2
贵州省,金沙,foFkP,3.1
四川省,武胜,eqeFJ,3.1
陕西省,西乡,tWrIf,3.1
河南省,舞钢,tIiAe,3.1
陕西省,子长,zgGer,3.1
山西省,大宁,ekOlr,3.1
江西省,庐山,PCWyN,3.1
湖北省,红安,OYqFU,3.1
河南省,舞阳,aRquF,3.0
江西省,柴桑,wJyOW,3.0
陕西省,延长,zGmNC,3.0
河南省,新县,BpKzd,3.0
安徽省,固镇,oCQkR,2.9
湖北省,潜江,MKtOV,2.9
重庆市,黔江,iBdYx,2.9
宁夏回族自治区,吴忠,VXPXK,2.8
河南省,渑池,XfOYq,2.8
湖北省,枝江,Bhwex,2.8
湖南省,安仁,zMNOt,2.8
湖南省,桃源,DYNDO,2.8
青海省,德令哈,CEXed,2.8
重庆市,巴南,AbIWr,2.8
四川省,遂宁,pcHfo,2.8
湖南省,沅江,xFxiZ,2.8
安徽省,金寨,NjfSe,2.8
湖北省,松滋,CHdCL,2.7
陕西省,黄陵,Iwyeu,2.7
安徽省,蒙城,WfvcH,2.7
湖南省,郴州,cYyyF,2.7
湖北省,京山,zeDBq,2.7
福建省,建宁,bFxyH,2.6
贵州省,播州,ImmpI,2.6
四川省,宣汉,HVNiO,2.6
山西省,永和,Xmsxf,2.6
湖北省,广水,Zafip,2.6
重庆市,北碚,FfkQD,2.6
湖南省,湘阴,EJmro,2.6
福建省,建阳,UXGUr,2.6
重庆市,合川,utLqu,2.5
陕西省,蓝田,lTwwB,2.5
安徽省,宿州,KZzYj,2.5
湖南省,株洲,siHjW,2.5
河南省,尉氏,VUIVN,2.4
贵州省,仁怀,avkLt,2.4
陕西省,合阳,GQDFM,2.4
陕西省,太白,IztCW,2.4
贵州省,开阳,nhvQy,2.4
湖北省,仙桃,vAcxm,2.4
贵州省,织金,AMmvw,2.4
河南省,巩义,yrsPS,2.3
湖北省,沙洋,NSAwY,2.3
陕西省,宁陕,XbvFE,2.3
安徽省,阜南,bHKhs,2.3
青海省,天峻,qLNow,2.3
陕西省,铜川,lZvra,2.3
湖南省,临澧,ZskSj,2.3
贵州省,万山,pQUcc,2.3
湖南省,浏阳,eprZJ,2.3
河南省,确山,UCliM,2.3
陕西省,潼关,ddBPj,2.3
四川省,开江,Qdtso,2.2
湖北省,孝昌,QtbbO,2.2
贵州省,凤冈,FfkVU,2.2
江西省,瑞昌,qjEqY,2.2
安徽省,舒城,VFMGg,2.2
安徽省,利辛,TnLlA,2.2
甘肃省,环县,tpwqY,2.2
陕西省,高陵,FJzCX,2.2
河南省,开封,swtij,2.2
贵州省,平塘,OpPQk,2.1
甘肃省,徽县,GGjbv,2.1
陕西省,华阴,XMEaY,2.1
山西省,隰县,WVCsi,2.1
湖北省,汉川,Kogbd,2.1
贵州省,罗甸,ddcVF,2.1
贵州省,都匀,EHGgf,2.1
重庆市,秀山,ukeEi,2.0
宁夏回族自治区,青铜峡,zlWii,2.0
四川省,三台,pqcSL,2.0
重庆市,酉阳,bghvn,2.0
湖南省,龙山,czHhG,2.0
陕西省,米脂,bLFjW,2.0
江西省,上栗,YXrtQ,2.0
四川省,内江,wNtyv,2.0
湖南省,岳阳,bwVav,2.0
陕西省,绥德,AsHiS,2.0
湖北省,赤壁,KTWwX,1.9
四川省,沐川,SHcpz,1.9
河南省,川汇区,lZXKF,1.9
安徽省,六安,RLVWB,1.9
陕西省,韩城,cozJM,1.9
湖南省,资兴,UbStp,1.9
甘肃省,永昌,kQQJv,1.9
四川省,名山,FdPbr,1.9
湖南省,常宁,zxmLy,1.9
重庆市,南川,OIUau,1.9
河南省,商城,iDXIG,1.9
江西省,武宁,gEVup,1.9
陕西省,宜川,wVXnP,1.9
重庆市,潼南,kUNHe,1.9
陕西省,子洲,kMChi,1.9
安徽省,安庆,bIpli,1.8
河南省,沁阳,OAiAk,1.8
山西省,石楼,CEGWS,1.8
陕西省,陕西横山,nkmKX,1.8
山西省,运城,AupnI,1.8
甘肃省,泾川,gtMsI,1.8
河南省,孟州,aeWfC,1.8
四川省,江安,EcUZo,1.8
湖南省,桂阳,OMZne,1.7
山西省,襄汾,ZlvFx,1.7
广西壮族自治区,凌云,QkgiV,1.7
江西省,永修,XSWiI,1.7
四川省,长宁,CXrGz,1.7
河南省,光山,sPsZI,1.7
贵州省,白云,SOHSv,1.7
陕西省,定边,sNYlv,1.7
江西省,九江,kVOgS,1.7
青海省,互助,AePoh,1.7
湖南省,醴陵,aSeFW,1.7
江西省,永新,CsrsV,1.7
河南省,新蔡,ORIbm,1.7
海南省,琼海,tOlIq,1.7
贵州省,遵义,mKDbo,1.6
四川省,屏山,AVDkL,1.6
河南省,温县,xfBpE,1.6
河南省,商水,PojMH,1.6
湖南省,保靖,aDWvQ,1.6
湖北省,荆州,xBZlA,1.6
湖南省,华容,UDpcM,1.6
湖南省,花垣,aEkzT,1.6
福建省,延平,cuHtX,1.5
广西壮族自治区,东兴,yYYyV,1.5
湖北省,监利,yShDj,1.5
安徽省,涡阳,VjERZ,1.5
海南省,五指山,jtadI,1.5
湖南省,安化,LTAMD,1.5
宁夏回族自治区,彭阳,Jiiql,1.5
湖北省,大冶,LvTkA,1.5
湖北省,洪湖,qYxqF,1.5
内蒙古自治区,鄂托克前旗,fyQnv,1.4
广西壮族自治区,田阳,DPxlj,1.4
安徽省,五河,wtsbO,1.4
重庆市,沙坪坝,rRKjq,1.4
重庆市,彭水,mFVrF,1.4
河南省,通许,iSvVf,1.4
安徽省,肥西,tdDBE,1.4
贵州省,麻江,ZERcU,1.4
陕西省,耀州,tfmFL,1.4
湖南省,永兴,rwydQ,1.4
湖北省,麻城,NcQaQ,1.4
宁夏回族自治区,中宁,sEpvS,1.3
四川省,筠连,mfPnS,1.3
陕西省,黄龙,uHJpt,1.3
湖南省,澧县,VdxXV,1.3
贵州省,长顺,fuXUe,1.3
湖南省,双峰县,gItui,1.3
四川省,峨眉山,JKQBL,1.3
重庆市,梁平,kWdog,1.3
贵州省,平坝,UYZaj,1.3
福建省,寿宁,qMckX,1.3
甘肃省,舟曲,vfKZw,1.3
河南省,太康,zEzeT,1.3
四川省,松潘,niBgS,1.3
四川省,青神,eUOGX,1.3
陕西省,佳县,kNHLa,1.3
湖南省,炎陵,HDZEq,1.3
陕西省,凤县,KZHTq,1.3
山西省,汾西,ZqAPc,1.3
甘肃省,西和,sqsLp,1.3
安徽省,临泉,wlkiF,1.3
湖北省,嘉鱼,xyZup,1.2
四川省,仁寿,PEnFX,1.2
青海省,湟中,eHjuj,1.2
河南省,淮滨,pQUOE,1.2
宁夏回族自治区,灵武,HYEJD,1.2
四川省,都江堰,GrSbA,1.2
河南省,潢川,wTUBX,1.2
贵州省,瓮安,DdMaA,1.2
山西省,沁水,hvopq,1.2
安徽省,怀远,HxrdW,1.2
贵州省,息烽,VBttY,1.2
安徽省,无为,jOsaC,1.2
安徽省,阜阳,JcXXt,1.2
湖南省,湘江新区,htNqQ,1.2
贵州省,修文,qYDqu,1.2
四川省,射洪,eURTs,1.2
江西省,共青城,elBmT,1.2
河南省,武陟,koXUe,1.2
山西省,介休,KqHyx,1.2
贵州省,江口,vHiWQ,1.1
安徽省,池州,XbuHL,1.1
江西省,井冈山,cIZPM,1.1
湖南省,平江,PdYcV,1.1
湖北省,通山,xNLyS,1.1
青海省,乌兰,SlLAA,1.1
贵州省,清镇,xCoEZ,1.1
湖南省,湘潭,tWpqg,1.1
贵州省,纳雍,hJPOj,1.1
贵州省,岑巩,PjZmd,1.1
江西省,莲花,aBbtI,1.1
河南省,灵宝,mAGsj,1.1
山西省,乡宁,fwMED,1.1
甘肃省,成县,fKNTS,1.1
陕西省,澄城,QobKK,1.0
青海省,西宁,SHRvr,1.0
重庆市,大足,RBIeV,1.0
山西省,万荣,lSPZr,1.0
广西壮族自治区,防城港,kXkLV,1.0
河南省,西平,cAtmW,1.0
江西省,分宜,YjVGY,1.0
宁夏回族自治区,中卫,mZrCd,1.0
山西省,吉县,AFVkU,1.0
四川省,邛崃,EVoup,1.0
陕西省,蒲城,tOfoG,1.0
江西省,万载,SbshZ,1.0
山西省,翼城,VXrqE,1.0
四川省,雅安,MfnxC,1.0
福建省,柘荣,GSJpN,1.0
江西省,萍乡,yBDJf,0.9
安徽省,庐江,MmSaS,0.9
甘肃省,两当,XmucV,0.9
江西省,宜丰,lpFTY,0.9
甘肃省,崇信,UGwYi,0.9
甘肃省,合水,HSTdx,0.9
山西省,永济,QGpNZ,0.9
河南省,博爱,DInuO,0.9
贵州省,丹寨,QfiGH,0.9
浙江省,泰顺,ojdNE,0.9
内蒙古自治区,乌审旗,KhrDm,0.9
四川省,马边,qoufd,0.9
江西省,南昌,JmxCz,0.9
福建省,武夷山,zbKCn,0.9
安徽省,灵璧,GPbvs,0.9
陕西省,陇县,fpJEY,0.9
山西省,蒲县,mxfxi,0.9
云南省,盐津,TJcpS,0.9
陕西省,大荔,FvzNQ,0.9
甘肃省,崆峒,RfbKS,0.9
安徽省,泗县,CtvRL,0.8
河南省,柘城,VvHGN,0.8
贵州省,黄平,HGQkl,0.8
河南省,三门峡,TjcXC,0.8
贵州省,独山,zqguN,0.8
江西省,拿山,pUPQO,0.8
湖南省,永州,vXgNI,0.8
内蒙古自治区,河南,jNnwV,0.8
安徽省,东至,ZwTQM,0.8
山西省,平陆,PFPpH,0.8
青海省,海晏,UULnO,0.8
河南省,平舆,XdjmX,0.8
重庆市,江津,nIjuT,0.8
湖北省,黄陂,Inpll,0.8
江西省,樟树,HWaon,0.8
安徽省,黄山,dFIpc,0.8
贵州省,乌当,vDKTW,0.8
安徽省,九华山,eppay,0.8
四川省,洪雅,xWemk,0.8
山西省,孝义,VtRVI,0.8
江西省,芦溪,eclSD,0.8
贵州省,龙里,oSrTE,0.7
海南省,乐东,joRTe,0.7
四川省,五通桥,TEvfR,0.7
山西省,灵石,sGCZR,0.7
陕西省,靖边,WyIjX,0.7
安徽省,桐城,tRaOy,0.7
宁夏回族自治区,固原,muLnq,0.7
贵州省,玉屏,ZgWUE,0.7
湖北省,武汉,bSpCz,0.7
四川省,广元,OwVIj,0.7
贵州省,道真,efBXm,0.7
河南省,驻马店,ZmGSj,0.7
重庆市,荣昌,klPmX,0.7
重庆市,石柱,bUuhS,0.7
甘肃省,景泰,RJphY,0.6
安徽省,合肥,xqcji,0.6
四川省,隆昌,mKxEY,0.6
湖北省,新洲,RZaJI,0.6
湖南省,新宁,eaueH,0.6
四川省,红原,sCzWb,0.6
贵州省,德江,WmIeA,0.6
贵州省,惠水,OOPMd,0.6
云南省,威信,msgsX,0.6
湖北省,崇阳,fYXOt,0.6
四川省,中江,QjPxI,0.6
四川省,青川,SzgvK,0.6
江西省,万安,gVGRT,0.6
四川省,剑阁,MfaOt,0.6
湖南省,耒阳,fzyGq,0.6
河南省,济源,TJdvk,0.6
贵州省,务川,hlBSz,0.6
河南省,郸城,uRklp,0.6
湖南省,湘乡,MFued,0.6
四川省,安岳,TuuMx,0.6
湖南省,衡山,inRnV,0.6
湖北省,蕲春,dfWmt,0.6
四川省,梓潼,ZNNOo,0.6
河南省,淮阳,QHPrZ,0.6
重庆市,璧山,ruRPA,0.6
青海省,湟源,ADbRC,0.6
甘肃省,康县,plSyY,0.6
四川省,芦山,LiKdk,0.5
贵州省,绥阳,obmwT,0.5
海南省,西沙,vepbp,0.5
贵州省,凯里,NSsev,0.5
贵州省,三穗,RMivb,0.5
江西省,上高,TnqCJ,0.5
山西省,沁源,UEqUT,0.5
湖北省,通城,xhjfq,0.5
湖南省,韶山,ctzSw,0.5
贵州省,沿河,ERvME,0.5
河南省,汝南,vvNHi,0.5
宁夏回族自治区,隆德,VhNkw,0.5
四川省,达川,OwVVP,0.5
四川省,大邑,HUYio,0.5
贵州省,贵阳,SKMHP,0.5
山西省,汾阳,SsPhi,0.5
甘肃省,华亭,CUyDL,0.5
湖北省,武穴,DOsub,0.5
安徽省,凤阳,bESbg,0.5
青海省,共和,IipKM,0.5
江苏省,泗洪,wKIff,0.4
湖南省,临湘,sabwQ,0.4
四川省,大英,wQKcH,0.4
河南省,永城,SMuXc,0.4
湖南省,嘉禾,CkYws,0.4
内蒙古自治区,孪井滩,LRYsR,0.4
安徽省,太和,ddRJw,0.4
河南省,焦作,ubXHV,0.4
青海省,化隆,Mxsvt,0.4
重庆市,武隆,LwFjp,0.4
海南省,陵水,IDWIl,0.4
浙江省,龙游,JrShZ,0.4
江西省,丰城,GEceX,0.4
甘肃省,天祝,OWolv,0.4
江西省,彭泽,IWKEq,0.4
安徽省,颍上,AUgGn,0.4
安徽省,霍邱,eqtJL,0.4
湖北省,蔡甸,lfZTF,0.4
陕西省,神木,wgIob,0.4
宁夏回族自治区,泾源,xyYEK,0.4
青海省,平安,YUDym,0.4
四川省,九寨沟,YZuzT,0.4
江西省,吉安县,ryNCI,0.3
安徽省,宿松,iScpT,0.3
江西省,鄱阳,eoKxa,0.3
安徽省,蚌埠,xEdTH,0.3
四川省,广汉,YXpHm,0.3
宁夏回族自治区,海原,ydxHC,0.3
河南省,修武,zOAjR,0.3
贵州省,黔西,xfRzH,0.3
宁夏回族自治区,银川,LqTRN,0.3
安徽省,亳州,bjqNC,0.3
贵州省,桐梓,WQYWd,0.3
贵州省,天柱,bFWLw,0.3
海南省,澄迈,tjGqH,0.3
青海省,乐都,TEvmY,0.3
安徽省,含山,nsdcQ,0.3
四川省,眉山,zkdYW,0.3
四川省,简阳,IhZxf,0.3
安徽省,芜湖,YCdBx,0.3
宁夏回族自治区,西吉,zKyVn,0.3
河南省,固始,liQnS,0.3
广东省,海丰,cPbEV,0.3
河南省,杞县,tCUkl,0.3
湖南省,邵阳县,aFKpi,0.3
新疆维吾尔自治区,阿克苏,wPpQt,0.3
浙江省,浦江,jNOUm,0.3
海南省,海口,vmEKa,0.3
四川省,泸州,nLWnl,0.3
山西省,河津,oblOm,0.2
安徽省,淮北,npJUD,0.2
云南省,禄丰,TjOgz,0.2
贵州省,印江,XCIcC,0.2
安徽省,枞阳,KbOON,0.2
安徽省,濉溪,sCZni,0.2
青海省,贵南,ZDODs,0.2
甘肃省,礼县,pEuMT,0.2
山西省,新绛,wHrOw,0.2
江苏省,溧水,gRnAT,0.2
江苏省,江宁,Dfezs,0.2
湖北省,黄石,MTZwr,0.2
山西省,陵川,EeGzR,0.2
河南省,遂平,hsyZH,0.2
山西省,曲沃,OYMED,0.2
广西壮族自治区,宁明,VelAS,0.2
贵州省,松桃,uhZzm,0.2
山西省,绛县,JpoNT,0.2
贵州省,正安,awLJW,0.2
四川省,纳溪,PVPXd,0.2
河南省,原阳,ccwBF,0.2
安徽省,肥东,JeocZ,0.2
甘肃省,静宁,UFAUV,0.2
湖南省,蓝山,RJaJW,0.2
江苏省,溧阳,SOYVx,0.2
贵州省,黎平,DrHHS,0.2
安徽省,望江,kABhv,0.2
湖南省,衡南,GYnJo,0.2
安徽省,和县,vulFs,0.2
贵州省,余庆,gtqrp,0.2
安徽省,长丰,lUGWB,0.2
河南省,获嘉,ipyYK,0.2
四川省,绵竹,YxJmk,0.2
四川省,黑水,laiax,0.2
四川省,乐至,YStkV,0.2
四川省,郫都,NUxad,0.2
山西省,霍州,DiJSX,0.2
江苏省,浦口,ssDyH,0.2
江西省,遂川,MaPOv,0.2
安徽省,巢湖,ynBxA,0.2
安徽省,马鞍山,cdzPY,0.2
四川省,泸县,YIwsD,0.2
四川省,叙州,harPc,0.2
四川省,美姑,CqHKW,0.2
贵州省,花溪,wWoHD,0.2
贵州省,雷山,XFsWa,0.2
贵州省,镇远,FqHqg,0.2
甘肃省,庄浪,xClnb,0.2
四川省,荥经,PQOEg,0.2
江苏省,南京,CxOWZ,0.2
四川省,若尔盖,PwnmG,0.2
河南省,上蔡,aBcFs,0.2
山西省,临猗,hGfmL,0.2
福建省,泰宁,AAJZf,0.2
四川省,乐山,YuAXe,0.2
甘肃省,会宁,QucKY,0.1
云南省,宁蒗,PtTbw,0.1
福建省,宁德,uKfig,0.1
湖南省,邵阳,KZYji,0.1
山西省,侯马,ZGhqJ,0.1
贵州省,铜仁,EaOOy,0.1
河北省,蠡县,yYUQU,0.1
宁夏回族自治区,贺兰,RqsAG,0.1
贵州省,毕节,QJFow,0.1
四川省,江油,YaiqO,0.1
四川省,平武,jWFfG,0.1
山西省,安泽,KSSLi,0.1
江西省,黎川,clOYT,0.1
四川省,德阳,QFQLG,0.1
山西省,洪洞,mwSUY,0.1
云南省,易门,Oqduj,0.1
山西省,柳林,aKlRm,0.1
云南省,西畴,KjiDB,0.1
山西省,平遥,ShbMD,0.1
四川省,雷波,UtzFE,0.1
重庆市,永川,XGxHU,0.1
山西省,阳城,twIgf,0.1
山西省,太谷,kfLqv,0.1
四川省,宜宾,wfNOD,0.1
安徽省,泾县,FqHCb,0.1
四川省,峨眉,EuzbB,0.1
四川省,新都,XxQIS,0.1
河南省,新乡,VLpOH,0.1
安徽省,南陵,sWTiK,0.1
重庆市,云阳,pzmmf,0.1
海南省,白沙,AXpuY,0.1
陕西省,吴堡,GVBLs,0.1
河南省,项城,VjWQe,0.1
重庆市,涪陵,CCvTr,0.1
吉林省,安图,sKOvI,0.1
贵州省,锦屏,zFHzB,0.1
江苏省,高淳,nihEu,0.1
广东省,惠来,oANdW,0.1
黑龙江省,虎林,rhGIi,0.1
江苏省,句容,HzWJm,0.1
云南省,嵩明,UYJan,0.1
甘肃省,通渭,YKHoa,0.1
安徽省,铜陵,VAMvd,0.1
安徽省,砀山,Slnbc,0.1
江西省,东乡,hCKCS,0.1
安徽省,怀宁,pomgE,0.1
江西省,崇仁,GVeYC,0.1
湖南省,汨罗,AlxsQ,0.1
贵州省,台江,wTTZD,0.1
四川省,渠县,rTRMZ,0.1
湖南省,衡东,qhQyx,0.1
山西省,浮山,MYXsS,0.1
云南省,镇雄,YcNIl,0.1
湖南省,新化,FLnON,0.1
海南省,昌江,vHJCh,0.1
四川省,什邡,AKEUu,0.1
安徽省,当涂,MXyIw,0.1
山西省,高平,RJOci,0.1
新疆维吾尔自治区,哈巴河,vuVKP,0.1
云南省,新平,vVaif,0.1
广东省,斗门,ckONx,0.1
云南省,昌宁,oNSGZ,0.1
江西省,吉水,xtlYj,0.1
安徽省,黄山区,JsxkK,0.1
四川省,丹棱,TEect,0.1
河南省,延津,sthkk,0.1
浙江省,苍南,GvzGe,0.1
安徽省,凤台,qzDwS,0.1
浙江省,衢江,hhLOl,0.1
四川省,富顺,bmhEc,0.1
浙江省,江北,sFzyX,0.1
甘肃省,安定,KrLRa,0.1
云南省,勐海,aqlUk,0.1
贵州省,石阡,vHFrl,0.1
海南省,临高,nqaYV,0.1
贵州省,思南,MyiYN,0.1
贵州省,贵定,SzwqB,0.1
内蒙古自治区,土默特右旗,vzhvA,0.0
内蒙古自治区,小二沟,hYgyL,0.0
辽宁省,辽阳,kgqfX,0.0
辽宁省,辽阳县,UGdju,0.0
山东省,微山,KpFlL,0.0
湖南省,麻阳,BByTA,0.0
四川省,西昌,Whzpi,0.0
四川省,金堂,udKik,0.0
新疆维吾尔自治区,库尔勒,qQedw,0.0
河北省,涿州,BGCup,0.0
辽宁省,凌源,fSStg,0.0
吉林省,柳河,nBBbT,0.0
湖南省,新邵,lMPty,0.0
广东省,翁源,ZzoLx,0.0
广西壮族自治区,龙圩,DuQqi,0.0
贵州省,荔波,QiOmA,0.0
新疆维吾尔自治区,若羌,ropjq,0.0
河北省,清河,zUBhk,0.0
内蒙古自治区,临河,lqHEq,0.0
浙江省,北仑,fTHFh,0.0
四川省,康定,qsqTU,0.0
四川省,米易,GQBkM,0.0
云南省,梁河,zkxjs,0.0
西藏自治区,定结,UhCTv,0.0
新疆维吾尔自治区,沙湾,NcLcb,0.0
新疆维吾尔自治区,石河子,JGBUK,0.0
新疆维吾尔自治区,沙雅,lHafw,0.0
内蒙古自治区,呼和浩特,IlyWx,0.0
内蒙古自治区,雅布赖,PHwZB,0.0
浙江省,舟山,KElec,0.0
江西省,湖口,gFkXT,0.0
山东省,临淄,EfLlJ,0.0
湖南省,绥宁,WWGiu,0.0
广西壮族自治区,平乐,WwDuG,0.0
青海省,大柴旦,IYNyh,0.0
新疆维吾尔自治区,小渠子,GSWoG,0.0
河北省,邯郸,AwDQd,0.0
辽宁省,营口,veIOe,0.0
浙江省,丽水,nEoHv,0.0
安徽省,岳西,GbhPZ,0.0
福建省,闽清,ohLcD,0.0
江西省,上饶,KpYAB,0.0
江西省,全南,eXkQd,0.0
河南省,清丰,pRxQj,0.0
贵州省,安顺,zYxtY,0.0
山西省,屯留,IUDAF,0.0
内蒙古自治区,科左中旗,ZBZEe,0.0
贵州省,普定,xJRLN,0.0
云南省,东川,UgaxN,0.0
云南省,祥云,PQqEx,0.0
河北省,南和,HjWcO,0.0
内蒙古自治区,集宁,pZpJB,0.0
吉林省,龙井,YIufU,0.0
江苏省,吴江,Oimbc,0.0
浙江省,乐清,XIkhp,0.0
浙江省,永康,VXcDE,0.0
山东省,东平,RjKIP,0.0
广东省,饶平,sgVVw,0.0
四川省,资阳,AVVPj,0.0
新疆维吾尔自治区,塔城,qHPXG,0.0
河北省,赤城,yeGWo,0.0
内蒙古自治区,巴雅尔吐胡硕,qTuUm,0.0
内蒙古自治区,突泉,jreCm,0.0
黑龙江省,海林,mbyFX,0.0
黑龙江省,龙江,nIDJi,0.0
浙江省,临海,hQdlP,0.0
浙江省,龙泉,IFYzG,0.0
山东省,莘县,WsywS,0.0
湖南省,怀化,pJrqw,0.0
广东省,始兴,kiynZ,0.0
广西壮族自治区,巴马,lAMQO,0.0
青海省,玛多,UbRfU,0.0
新疆维吾尔自治区,和田,HDzeq,0.0
河北省,望都,uvaeY,0.0
内蒙古自治区,科左后旗,dYsXY,0.0
福建省,南靖,JTMBG,0.0
河南省,兰考,yCGbN,0.0
湖南省,临武,MhTjl,0.0
广西壮族自治区,南丹,IwXkd,0.0
四川省,罗江,aHQGR,0.0
甘肃省,民勤,PWOxb,0.0
新疆维吾尔自治区,柯坪,SkZBu,0.0
黑龙江省,宝清,YjqxY,0.0
江西省,广昌,gTbyP,0.0
山东省,无棣,AJubD,0.0
广东省,普宁,XYKTR,0.0
云南省,绿春,ebFbI,0.0
云南省,屏边,SNyPs,0.0
青海省,循化,nsbuX,0.0
新疆维吾尔自治区,察布查尔,qqWkF,0.0
河北省,沙河,DPtSW,0.0
浙江省,余杭,cMJhE,0.0
安徽省,湾沚,ELCFX,0.0
福建省,光泽,mdLfz,0.0
江西省,庐山市,UTmcf,0.0
山东省,广饶,sbuIu,0.0
广东省,萝岗,IvFqu,0.0
广西壮族自治区,宾阳,XUOdS,0.0
四川省,夹江,XgNyH,0.0
西藏自治区,桑日,dUfXr,0.0
甘肃省,武威,LAPGD,0.0
河北省,鸡泽,AGkyS,0.0
河北省,行唐,rZAWC,0.0
内蒙古自治区,商都,gBnSb,0.0
辽宁省,熊岳,ntTRe,0.0
福建省,泉州,MGECZ,0.0
山东省,河口,woPhx,0.0
贵州省,贞丰,SYwsx,0.0
河北省,元氏,XHFGV,0.0
山西省,右玉,cXBlU,0.0
内蒙古自治区,希拉穆仁,cixAo,0.0
江苏省,苏州,lqYjK,0.0
江苏省,盱眙,HQORe,0.0
广东省,德庆,QZzJe,0.0
广东省,丰顺,aUKAF,0.0
广西壮族自治区,田林,NoCNl,0.0
新疆维吾尔自治区,吐鲁番,DGEdf,0.0
新疆维吾尔自治区,和布克赛尔,UXCKY,0.0
河北省,蔚县,YbKUt,0.0
内蒙古自治区,察哈尔右翼前旗,KLonh,0.0
黑龙江省,桦南,jLgCL,0.0
安徽省,太湖,tMAAb,0.0
江西省,赣县,eNmid,0.0
江西省,崇义,OKwKn,0.0
广西壮族自治区,融安,zwjGp,0.0
四川省,自贡,MIIAp,0.0
甘肃省,瓜州,aYAhW,0.0
河北省,海兴,kqMHD,0.0
河北省,涞源,ZdmWW,0.0
黑龙江省,杜尔伯特,exRbg,0.0
四川省,资中,Ctawc,0.0
云南省,昆明,IayMy,0.0
新疆维吾尔自治区,英吉沙,zXMMB,0.0
江苏省,宿迁,jVxXh,0.0
江苏省,灌南,ChsOC,0.0
江苏省,射阳,ezmfH,0.0
浙江省,上虞,lMqkK,0.0
浙江省,象山,GgJvu,0.0
广西壮族自治区,上思,gfZFI,0.0
新疆维吾尔自治区,昭苏,SQKGX,0.0
内蒙古自治区,凉城,uZabW,0.0
江苏省,常州,bmyrb,0.0
四川省,龙泉驿,mqsMW,0.0
云南省,安宁,bOAGp,0.0
青海省,甘德,dyLzr,0.0
河北省,承德县,WYnNt,0.0
辽宁省,昌图,BZlSQ,0.0
黑龙江省,安达,NNObw,0.0
福建省,古田,nMfDD,0.0
河南省,虞城,wUEuZ,0.0
广东省,从化,JNLyH,0.0
广西壮族自治区,柳城,BRgad,0.0
云南省,盈江,NzuxE,0.0
山西省,云州,eLCyB,0.0
贵州省,水城,fntCE,0.0
云南省,砚山,rOuyU,0.0
新疆维吾尔自治区,莫索湾,YslWW,0.0
天津市,武清,AAHhS,0.0
山西省,黎城,rDABI,0.0
黑龙江省,呼兰,wqBvY,0.0
山东省,淄川,kigWn,0.0
湖南省,桂东,QaXwQ,0.0
四川省,德昌,QVWfY,0.0
青海省,都兰,HCwek,0.0
河北省,康保,KcroZ,0.0
山西省,垣曲,HbPQe,0.0
浙江省,湖州,quMLV,0.0
浙江省,台州,zWIte,0.0
福建省,松溪,SXdgJ,0.0
广东省,中山,YIWau,0.0
广西壮族自治区,富川,rCrJo,0.0
云南省,西盟,dDUzR,0.0
新疆维吾尔自治区,阿勒泰,SnOYy,0.0
天津市,东丽,GiGuJ,0.0
河北省,廊坊,gXmTp,0.0
内蒙古自治区,鄂温克族自治旗,fsMrH,0.0
浙江省,桐乡,rPEAy,0.0
山东省,临清,TZrqQ,0.0
重庆市,万州,bsKAn,0.0
云南省,泸西,cJoUu,0.0
北京市,顺义,MKoqG,0.0
河北省,宣化,bLxvu,0.0
内蒙古自治区,乌拉特中旗,BdifC,0.0
黑龙江省,宾县,yiPrH,0.0
江苏省,东海,fiwPx,0.0
江西省,玉山,eldrT,0.0
山东省,黄岛,KlJLj,0.0
广东省,高州,tHDom,0.0
广东省,台山,kRWvm,0.0
甘肃省,碌曲,sUmbw,0.0
甘肃省,肃北,sSFnE,0.0
河北省,衡水,Jiheq,0.0
内蒙古自治区,宝国吐,QUgIO,0.0
黑龙江省,佳木斯,IwveF,0.0
福建省,连城,AFZJN,0.0
山东省,鄄城,XjGVI,0.0
湖南省,辰溪,PSXSM,0.0
广西壮族自治区,金秀,XuZjF,0.0
云南省,德钦,eOoXM,0.0
甘肃省,皋兰,RBGMm,0.0
内蒙古自治区,阿鲁科尔沁旗,FQZtL,0.0
黑龙江省,鹤岗,pQrYF,0.0
浙江省,洞头,VNwVr,0.0
河南省,封丘,OdLdM,0.0
广东省,兴宁,tOWXk,0.0
广西壮族自治区,蒙山,FDxZg,0.0
四川省,金川,ngpCL,0.0
云南省,开远,YdTJG,0.0
青海省,杂多,DQDqH,0.0
河北省,固安,RSzaV,0.0
山西省,祁县,gBnmM,0.0
内蒙古自治区,达拉特旗,GQBuT,0.0
辽宁省,丹东,DlvsN,0.0
辽宁省,连山区,Qiolo,0.0
山东省,兰陵,ktWtX,0.0
河南省,滑县,RMGln,0.0
四川省,越西,mfrlx,0.0
云南省,永平,LwDNZ,0.0
西藏自治区,仲巴,SlJsQ,0.0
新疆维吾尔自治区,新和,QGLHi,0.0
福建省,上杭,mszvd,0.0
西藏自治区,察隅,ATOlN,0.0
新疆维吾尔自治区,木垒,HvGJL,0.0
河北省,卢龙,uszcX,0.0
山西省,五寨,vMDNU,0.0
内蒙古自治区,西乌珠穆沁旗,celHs,0.0
广东省,湛江,OKhmr,0.0
广西壮族自治区,灵山,PrSNs,0.0
广西壮族自治区,阳朔,rMMFS,0.0
四川省,犍为,LxiRJ,0.0
贵州省,盘州,QGSkq,0.0
云南省,寻甸,OfsjD,0.0
新疆维吾尔自治区,博湖,GPrnI,0.0
内蒙古自治区,吉兰泰,IQilY,0.0
辽宁省,北票,UkMeR,0.0
浙江省,常山,PbRMS,0.0
福建省,晋江,QNUEf,0.0
江西省,南昌县,Pohqy,0.0
山东省,阳信,TkSAp,0.0
西藏自治区,聂拉木,Gnhsh,0.0
浙江省,嵊州,nySsV,0.0
安徽省,宣城,hhgTF,0.0
广东省,大埔,loBTC,0.0
四川省,得荣,gPeiI,0.0
甘肃省,迭部,ieEXg,0.0
北京市,朝阳,MjXfi,0.0
河北省,满城,zHLty,0.0
内蒙古自治区,卓资,BQQKj,0.0
安徽省,祁门,sVPho,0.0
广西壮族自治区,天峨,pBXxm,0.0
云南省,镇康,ZFgiT,0.0
新疆维吾尔自治区,霍尔果斯,QEpMD,0.0
新疆维吾尔自治区,新源,hrqYY,0.0
内蒙古自治区,青龙山,dKioY,0.0
浙江省,青田,BErcS,0.0
福建省,南安,njGuO,0.0
广东省,南海,MEcHR,0.0
西藏自治区,泽当,BiGFZ,0.0
甘肃省,临夏,orIIe,0.0
甘肃省,广河,twInP,0.0
新疆维吾尔自治区,乌恰,fNxHG,0.0
天津市,北辰,FeuUa,0.0
河北省,成安,HMSVy,0.0
江苏省,兴化,fzEWw,0.0
浙江省,武义,qoVEV,0.0
福建省,永春,qBtpj,0.0
江西省,于都,yIXbd,0.0
河南省,范县,pGxSD,0.0
贵州省,紫云,aMPck,0.0
西藏自治区,帕里,ogyxE,0.0
甘肃省,靖远,rrWtb,0.0
浙江省,景宁,uqdix,0.0
安徽省,界首,karbd,0.0
云南省,马关,jmZgg,0.0
新疆维吾尔自治区,温宿,oVenj,0.0
河北省,宁晋,QwGch,0.0
内蒙古自治区,库伦旗,ldsso,0.0
浙江省,开化,JZNGR,0.0
江西省,广信,dYuCN,0.0
广东省,深圳,AhpEU,0.0
贵州省,施秉,REBUD,0.0
西藏自治区,日土,LEdYG,0.0
甘肃省,清水,RXjrm,0.0
内蒙古自治区,镶黄旗,OWEcY,0.0
黑龙江省,五大连池,hkmNX,0.0
福建省,平和,BFRzc,0.0
广东省,南澳,rfGsM,0.0
四川省,马尔康,FNPwO,0.0
四川省,彭山,sMDUa,0.0
贵州省,安龙,fBdei,0.0
云南省,富民,NYtMq,0.0
西藏自治区,江达,oaFIV,0.0
新疆维吾尔自治区,炮台,CZSbw,0.0
浙江省,松阳,kGfEH,0.0
江西省,南丰,XcDmx,0.0
山东省,东阿,LGYXk,0.0
河南省,安阳,hNkdK,0.0
广东省,封开,iZItu,0.0
西藏自治区,洛扎,kloed,0.0
甘肃省,临洮,DtldQ,0.0
青海省,门源,oHpvQ,0.0
天津市,西青,rerpc,0.0
内蒙古自治区,翁牛特旗,GVRzp,0.0
黑龙江省,拜泉,lNOID,0.0
福建省,漳州,SCyJf,0.0
福建省,东山,uDfFU,0.0
江西省,安义,OebEp,0.0
江西省,新干,QnqKe,0.0
江西省,余干,QIvAP,0.0
河南省,商丘,aMsMR,0.0
湖南省,芷江,robJO,0.0
广东省,澄海,zdeVk,0.0
广西壮族自治区,上林,BAWNr,0.0
青海省,民和,Wleba,0.0
新疆维吾尔自治区,鄯善,zVdtO,0.0
天津市,宝坻,gxHKu,0.0
河北省,昌黎,vTGXA,0.0
河北省,沽源,bsXrE,0.0
吉林省,图们,hulhW,0.0
福建省,顺昌,znMcP,0.0
山东省,鱼台,OSlCB,0.0
山东省,郓城,tisSF,0.0
广西壮族自治区,横州,KShEg,0.0
四川省,壤塘,zXmXb,0.0
西藏自治区,曲松,dNadf,0.0
北京市,海淀,fElIR,0.0
内蒙古自治区,岗子,pGWDF,0.0
辽宁省,盖州,iTeZl,0.0
安徽省,潜山,KivFP,0.0
江西省,宁都,OXlgc,0.0
广东省,龙门,fNjkZ,0.0
广西壮族自治区,荔浦,RJsCy,0.0
西藏自治区,班戈,enzZH,0.0
河北省,滦平,gPeaq,0.0
山西省,昔阳,ThJbh,0.0
内蒙古自治区,阿拉善右旗,SfktK,0.0
黑龙江省,大庆,uLCaf,0.0
江苏省,常熟,ZZNyr,0.0
江西省,高安,ZAypU,0.0
山东省,茌平,JuJJS,0.0
广东省,清远,WYryQ,0.0
云南省,楚雄,xbekN,0.0
新疆维吾尔自治区,轮台,QMLyD,0.0
吉林省,前郭,JWcDH,0.0
黑龙江省,鸡东,NFjTg,0.0
浙江省,慈溪,LlhKr,0.0
山东省,泰安,zUeIF,0.0
广西壮族自治区,涠洲岛,jxnNs,0.0
四川省,理县,xYIdl,0.0
青海省,格尔木,vBvjN,0.0
山西省,忻府,lkWYa,0.0
山东省,定陶,lvUtm,0.0
山东省,滕州,rTNhe,0.0
四川省,雅江,ifYYN,0.0
贵州省,福泉,Bgdxr,0.0
贵州省,三都,WfTTa,0.0
河北省,丰南,dLkgL,0.0
河北省,怀来,TNNEz,0.0
河北省,平山,lzuFh,0.0
山西省,平鲁,oJway,0.0
内蒙古自治区,赛罕,cTjEd,0.0
吉林省,蛟河,BneiY,0.0
江苏省,江都,KZXUZ,0.0
四川省,石棉,wbIrX,0.0
西藏自治区,错那,BnUtS,0.0
山西省,保德,JXVvw,0.0
山西省,兴县,RBGVZ,0.0
内蒙古自治区,满都拉,VOxXA,0.0
浙江省,宁波,XjZpe,0.0
湖南省,衡阳县,PMfFu,0.0
云南省,师宗,WZsvt,0.0
西藏自治区,察雅,hMVZp,0.0
甘肃省,康乐,ntUYN,0.0
河北省,平乡,cOXrB,0.0
山西省,繁峙,OTNAe,0.0
内蒙古自治区,丰镇,uGHht,0.0
吉林省,白城,ktvDN,0.0
福建省,永定,XmdVI,0.0
江西省,都昌,lFKRv,0.0
西藏自治区,堆龙德庆,LpaPy,0.0
上海市,青浦,xZqWL,0.0
山东省,阳谷,QlEwu,0.0
广东省,信宜,AtsFe,0.0
河北省,安平,yeGPa,0.0
内蒙古自治区,苏尼特右旗,TkuWv,0.0
黑龙江省,巴彦,pWcDo,0.0
山东省,郯城,dWnMY,0.0
湖南省,古丈,gpwLy,0.0
湖南省,冷水滩,YGosR,0.0
广西壮族自治区,灌阳,odAEb,0.0
广西壮族自治区,资源,JWDIo,0.0
四川省,九龙,xXGPT,0.0
四川省,茂县,TgyZk,0.0
黑龙江省,肇东,Ksney,0.0
江苏省,仪征,KcQmD,0.0
江西省,瑞金,OPvLw,0.0
江西省,石城,AwiTJ,0.0
西藏自治区,墨脱,eeMPo,0.0
山西省,小店,hGDQB,0.0
内蒙古自治区,开鲁,EXBSC,0.0
内蒙古自治区,宁城,PgPDX,0.0
内蒙古自治区,乌拉盖,WFTLX,0.0
吉林省,延吉,SgNIn,0.0
广东省,汕头,KYhpn,0.0
广东省,蕉岭,kbdZh,0.0
黑龙江省,通河,psRwx,0.0
黑龙江省,依安,bsEJz,0.0
江西省,南康,xbhYg,0.0
山东省,曲阜,IzpcI,0.0
湖南省,涟源,MvOMQ,0.0
广东省,佛冈,CPZny,0.0
云南省,通海,YOFIz,0.0
云南省,永德,cLAuy,0.0
青海省,玉树,MDlNL,0.0
河北省,石家庄,uJQqI,0.0
河北省,万全,nXeQi,0.0
吉林省,扶余,PHfqQ,0.0
黑龙江省,富锦,klLFj,0.0
山东省,邹城,oOSNx,0.0
广西壮族自治区,玉林,cFeHF,0.0
广西壮族自治区,桂平,lGcNV,0.0
云南省,墨江,AOSYX,0.0
西藏自治区,康马,hojaz,0.0
新疆维吾尔自治区,莎车,fhaom,0.0
河北省,滦州,zbjeL,0.0
辽宁省,凌海,vdydi,0.0
黑龙江省,克东,itNzm,0.0
黑龙江省,汤旺,ZGvkf,0.0
浙江省,文成,cGBmo,0.0
山东省,济南,VITKz,0.0
山东省,台儿庄,BqsRd,0.0
湖南省,溆浦,ltdEd,0.0
云南省,马龙,fyDAe,0.0
新疆维吾尔自治区,富蕴,JUKYd,0.0
河北省,渤海新区黄骅,hIkaB,0.0
河北省,冀州,qllqX,0.0
辽宁省,北镇,OMHFX,0.0
浙江省,瑞安,IqWUf,0.0
江西省,寻乌,dwZOf,0.0
山东省,海阳,JnxWr,0.0
湖北省,英山,aNScZ,0.0
四川省,稻城,Cirzd,0.0
四川省,威远,YCPlK,0.0
青海省,泽库,TWXzO,0.0
新疆维吾尔自治区,伊宁县,ZuktQ,0.0
河北省,赞皇,mEbhg,0.0
内蒙古自治区,阿荣旗,cYTae,0.0
黑龙江省,呼玛,mgshy,0.0
山东省,高密,UOmID,0.0
广西壮族自治区,靖西,rDUve,0.0
贵州省,湄潭,xUANG,0.0
云南省,宜良,iXuOK,0.0
甘肃省,兰州,ARkZA,0.0
青海省,达日,zhIdf,0.0
北京市,石景山,TKDWT,0.0
河北省,沧州,mHkdW,0.0
河北省,武邑,NiqiA,0.0
山西省,宁武,CRNDj,0.0
江苏省,丰县,WUcbj,0.0
安徽省,宁国,uqTaZ,0.0
江西省,景德镇,DriXU,0.0
广西壮族自治区,都安,fCFGo,0.0
甘肃省,文县,bPRTE,0.0
新疆维吾尔自治区,巴里坤,ELQMW,0.0
山西省,清徐,tIwCB,0.0
辽宁省,鞍山,TopGN,0.0
浙江省,普陀,Dcmkn,0.0
四川省,成都,yGYHR,0.0
新疆维吾尔自治区,玛纳斯,YQXUS,0.0
吉林省,榆树,pOntg,0.0
四川省,会理城区,sEwty,0.0
云南省,陆良,eqtuY,0.0
西藏自治区,芒康,zLjcY,0.0
新疆维吾尔自治区,麦盖提,BCzpJ,0.0
山西省,娄烦,TxZCB,0.0
黑龙江省,爱辉,pmtBg,0.0
江西省,定南,VanHB,0.0
山东省,博兴,ssdvr,0.0
湖南省,桑植,UyXiO,0.0
贵州省,关岭,KqlOa,0.0
甘肃省,和政,jIOPb,0.0
河北省,抚宁,TAGXi,0.0
河北省,迁安,qUXcf,0.0
山西省,平顺,jWYMB,0.0
内蒙古自治区,胡尔勒,yvgzq,0.0
广东省,广宁,ELwZG,0.0
云南省,洱源,jfchA,0.0
北京市,平谷,WKTDr,0.0
山西省,平定,DFvwn,0.0
吉林省,通化,LaBrf,0.0
江苏省,沭阳,UBFXu,0.0
浙江省,余姚,oOdwb,0.0
山东省,乳山,yTEhW,0.0
山东省,兖州,MCzGo,0.0
湖南省,慈利,QhqHU,0.0
广西壮族自治区,百色,Cejmy,0.0
河北省,容城,iqimR,0.0
江苏省,无锡,fvlMy,0.0
浙江省,淳安,DUufR,0.0
河南省,浚县,mlucC,0.0
广东省,河源,Fkjlf,0.0
西藏自治区,定日,RyXCB,0.0
新疆维吾尔自治区,洛浦,HQoif,0.0
河北省,阜平,XELos,0.0
辽宁省,大洼,bHIoG,0.0
辽宁省,辽中,cssdK,0.0
吉林省,大安,yHPvq,0.0
江苏省,南通,VHAmf,0.0
四川省,叙永,HGSgX,0.0
云南省,芒市,Wjrex,0.0
新疆维吾尔自治区,喀什,aHjQA,0.0
河北省,青龙,DlwUH,0.0
内蒙古自治区,喀喇沁旗,FDRnn,0.0
黑龙江省,绥滨,SJgvR,0.0
浙江省,缙云,ZESZU,0.0
山东省,招远,xwQxT,0.0
广东省,番禺,tQOjS,0.0
贵州省,榕江,tpXDH,0.0
云南省,个旧,MZnfz,0.0
新疆维吾尔自治区,温泉,QGHxV,0.0
新疆维吾尔自治区,乌鲁木齐牧试站,OQSHg,0.0
北京市,昌平,niStC,0.0
辽宁省,绥中,YFjmk,0.0
江苏省,泗阳,wtsbS,0.0
云南省,勐腊,sGhYv,0.0
西藏自治区,聂荣,XoVvk,0.0
青海省,囊谦,pcEfr,0.0
北京市,门头沟,MNFUM,0.0
山西省,原平,ENVfK,0.0
辽宁省,旅顺,CfIAL,0.0
福建省,长泰,BILCs,0.0
山东省,惠民,jiJzG,0.0
西藏自治区,隆子,VrmMl,0.0
西藏自治区,狮泉河,vhADj,0.0
河北省,内丘,tbLfc,0.0
安徽省,来安,DLYqz,0.0
湖南省,道县,anbCP,0.0
湖南省,宜章,pbfyp,0.0
广东省,韶关,fXufo,0.0
广东省,开平,nLwRT,0.0
甘肃省,武山,BjJyr,0.0
内蒙古自治区,朱日和,HdUca,0.0
吉林省,二道,jeQFa,0.0
江苏省,扬州,lDhJo,0.0
浙江省,绍兴,gxbHp,0.0
安徽省,明光,eHJSl,0.0
安徽省,休宁,QEyyv,0.0
山东省,成山头,oFjTZ,0.0
山东省,平度,LNoOo,0.0
广东省,怀集,EhVeb,0.0
广西壮族自治区,贺州,SdWDF,0.0
海南省,屯昌,VXTVN,0.0
云南省,双柏,dqXxh,0.0
甘肃省,高台,DRGcR,0.0
辽宁省,庄河,RByQD,0.0
黑龙江省,勃利,HeDuS,0.0
江西省,安远,zQIQZ,0.0
山东省,安丘,pBWdT,0.0
山东省,博山,cXuJU,0.0
广东省,阳春,bNaey,0.0
四川省,乡城,ccAzh,0.0
甘肃省,金塔,DpOZG,0.0
天津市,宁河,mfQUa,0.0
河北省,丰宁,MnxTS,0.0
黑龙江省,嘉荫,YNpgg,0.0
安徽省,全椒,sYIjP,0.0
福建省,福州,djeOy,0.0
山东省,青岛,Jrsbf,0.0
山东省,单县,exVbY,0.0
四川省,盐源,eXzMT,0.0
云南省,会泽,NQkus,0.0
云南省,元谋,pmumb,0.0
河北省,井陉,PxsDy,0.0
河北省,雄县,FTACx,0.0
内蒙古自治区,扎兰屯,SkEfQ,0.0
辽宁省,清原,TAkZv,0.0
吉林省,梨树,rtLqz,0.0
浙江省,定海,MbBco,0.0
安徽省,广德,wyOSJ,0.0
福建省,永泰,zgkOw,0.0
山东省,乐陵,HwJwn,0.0
山东省,石岛,tQKIy,0.0
广西壮族自治区,忻城,Xnwwp,0.0
云南省,广南,WCNhd,0.0
河北省,磁县,vQqbv,0.0
内蒙古自治区,乌海,HfJln,0.0
内蒙古自治区,索伦,rAVUr,0.0
黑龙江省,加格达奇,bzkiu,0.0
江西省,资溪,rmkXW,0.0
山东省,潍坊,hQrpa,0.0
黑龙江省,齐齐哈尔,pMfJu,0.0
黑龙江省,望奎,sLrQJ,0.0
江西省,临川,Zvsga,0.0
河南省,沈丘,AWlje,0.0
广西壮族自治区,永福,SntnR,0.0
四川省,普格,uERMU,0.0
云南省,大理,MXvqt,0.0
西藏自治区,米林,eQtyv,0.0
山西省,河曲,HvYyw,0.0
江苏省,靖江,qgNae,0.0
安徽省,淮南,DUBio,0.0
广西壮族自治区,柳州,hDSje,0.0
云南省,玉溪,eHman,0.0
辽宁省,章党,TgxoR,0.0
江西省,德兴,ObzWw,0.0
河南省,林州,LvRhA,0.0
广东省,新丰,smdvH,0.0
四川省,绵阳,GcFwG,0.0
云南省,景谷,wGNvn,0.0
内蒙古自治区,乌审召,jNLyR,0.0
江苏省,六合,veJzt,0.0
四川省,金阳,kJJlc,0.0
云南省,永胜,rJRXL,0.0
甘肃省,肃南,GGFUG,0.0
青海省,同德,SpzMT,0.0
新疆维吾尔自治区,阿合奇,yPnAd,0.0
河北省,怀安,GKAfR,0.0
辽宁省,瓦房店,IxHPA,0.0
吉林省,抚松,HRRIh,0.0
广西壮族自治区,南宁城区,qGiLL,0.0
云南省,富宁,vLEOj,0.0
云南省,太华山,ILlxw,0.0
内蒙古自治区,图里河,aJvlD,0.0
辽宁省,本溪县,NJVFd,0.0
江苏省,淮阴,QNRHc,0.0
浙江省,长兴,nhdEv,0.0
山东省,章丘,vnSqi,0.0
广东省,四会,cTLRb,0.0
广东省,紫金,CMCDt,0.0
广西壮族自治区,大新,rMrPm,0.0
西藏自治区,普兰,gHMZS,0.0
甘肃省,卓尼,SSAdx,0.0
河北省,肥乡,JnWfX,0.0
河北省,兴隆,qWokG,0.0
内蒙古自治区,固阳,WyJDB,0.0
山东省,宁阳,XwLyl,0.0
广东省,平远,KidvD,0.0
广西壮族自治区,博白,Glxjb,0.0
四川省,冕宁,tGNAv,0.0
云南省,石林,ZrWId,0.0
天津市,津南,luSKF,0.0
河北省,阜城,lOwCw,0.0
河北省,遵化,Bcxig,0.0
内蒙古自治区,富河,icsSH,0.0
吉林省,临江,YSNnc,0.0
吉林省,舒兰,vGcsn,0.0
山东省,肥城,totaD,0.0
山东省,崂山,KtsaK,0.0
湖北省,罗田,ieWay,0.0
四川省,崇州,VPihc,0.0
河北省,保定,FaykR,0.0
黑龙江省,五营,hhuDQ,0.0
黑龙江省,桦川,DOodT,0.0
江苏省,宜兴,AGnXn,0.0
山东省,桓台,dZBBz,0.0
山东省,莱州,CxoVZ,0.0
河南省,濮阳,XbbBI,0.0
云南省,巍山,usiSp,0.0
新疆维吾尔自治区,吉木萨尔,IaCfC,0.0
山西省,临汾,nhsiM,0.0
内蒙古自治区,博克图,qRnkd,0.0
山东省,曹县,zyMgt,0.0
山东省,龙口,hzXej,0.0
广东省,广州,DwzZf,0.0
河北省,霸州,kgrJx,0.0
浙江省,温州,qgMmM,0.0
浙江省,海宁,KqlbA,0.0
云南省,腾冲,DrwgP,0.0
西藏自治区,琼结,QIcAs,0.0
新疆维吾尔自治区,且末,vsSYw,0.0
新疆维吾尔自治区,塔什库尔干,jhHpN,0.0
山西省,天镇,qtSfk,0.0
内蒙古自治区,察右后旗,kCGgC,0.0
黑龙江省,哈尔滨,pzXOG,0.0
江苏省,扬中,KwLGW,0.0
江西省,乐安,QPXTo,0.0
江西省,弋阳,SSTjQ,0.0
广西壮族自治区,平南,TUzGz,0.0
四川省,汉源,fCUHs,0.0
云南省,河口,acADA,0.0
河北省,曲周,fAOhd,0.0
内蒙古自治区,乌斯太,AmXjG,0.0
吉林省,白山,nFNOH,0.0
黑龙江省,阿城,xQbWX,0.0
江西省,铜鼓,SbQfM,0.0
广东省,顺德,cgdeV,0.0
四川省,道孚,ISnyf,0.0
四川省,双流,grFhZ,0.0
云南省,剑川,btlSx,0.0
西藏自治区,改则,UYYNe,0.0
河北省,唐县,IIPwa,0.0
河北省,香河,xWfUk,0.0
吉林省,敦化,ZgUQB,0.0
吉林省,通化县,bVSUm,0.0
吉林省,永吉,ysQUB,0.0
福建省,宁化,PJKtl,0.0
福建省,漳平,LayTz,0.0
江西省,新建,WQiHO,0.0
山东省,莱芜,KNtvj,0.0
云南省,罗平,WMKmg,0.0
云南省,牟定,BQsYp,0.0
河北省,正定,sENtA,0.0
山西省,代县,atrjZ,0.0
辽宁省,普兰店,PPJcn,0.0
江苏省,阜宁,AnpOV,0.0
浙江省,遂昌,vVqWU,0.0
湖北省,团风,pEszq,0.0
湖南省,江永,XfpWX,0.0
内蒙古自治区,大佘太,yIiHA,0.0
辽宁省,兴城,YItXH,0.0
山东省,胶州,QZdFI,0.0
河南省,辉县,cXwCS,0.0
湖北省,江夏,XiGox,0.0
四川省,彭州,KKktC,0.0
甘肃省,渭源,tIClD,0.0
河北省,广平,fQMyR,0.0
内蒙古自治区,化德,wsLwr,0.0
辽宁省,海城,FEiUD,0.0
吉林省,乾安,xUMET,0.0
黑龙江省,集贤,KwYPC,0.0
安徽省,屯溪,wnqTm,0.0
西藏自治区,索县,cFOMu,0.0
北京市,大兴,iEilj,0.0
河北省,定州,EXTBR,0.0
安徽省,繁昌,SIWeY,0.0
湖北省,黄梅,YfzjW,0.0
湖南省,通道,uAYSX,0.0
山西省,文水,NFJlP,0.0
辽宁省,大石桥,oCPAd,0.0
安徽省,黟县,UlADo,0.0
山东省,烟台,qRqdU,0.0
山东省,蒙阴,FEzHg,0.0
山东省,齐河,nejXA,0.0
青海省,玛沁,hHWpg,0.0
北京市,北京,Wqsps,0.0
黑龙江省,萝北,PWpUL,0.0
云南省,文山,ZQEia,0.0
西藏自治区,吉隆,MTizD,0.0
宁夏回族自治区,同心,OgDeQ,0.0
内蒙古自治区,和林格尔县,zubiG,0.0
辽宁省,朝阳,SSCPq,0.0
辽宁省,大连,nGPyb,0.0
安徽省,滁州,aqZIQ,0.0
湖南省,武冈,ZgECL,0.0
四川省,仁和,gmXtJ,0.0
云南省,瑞丽,dICew,0.0
云南省,江城,yIZKB,0.0
新疆维吾尔自治区,阿拉尔,uWWmy,0.0
天津市,塘沽,KKlDi,0.0
河北省,灵寿,TynGR,0.0
山西省,离石,lOfKI,0.0
山西省,闻喜,lWKfw,0.0
山西省,岚县,Prpqh,0.0
内蒙古自治区,锡林浩特,ipFRY,0.0
内蒙古自治区,杭锦旗,SycQs,0.0
安徽省,绩溪,Zvalw,0.0
河南省,汤阴,mBYhC,0.0
湖南省,隆回,ODQnM,0.0
四川省,峨边,SlKXy,0.0
云南省,临沧,oiQQr,0.0
西藏自治区,尼木,aypuQ,0.0
河北省,青县,tspDy,0.0
河北省,三河,qSdEK,0.0
山西省,偏关,ygqJc,0.0
内蒙古自治区,那仁宝力格,prTEI,0.0
黑龙江省,双鸭山,xYzrU,0.0
黑龙江省,明水,KiOjO,0.0
浙江省,钱塘,wtWUe,0.0
福建省,明溪,WYpkx,0.0
广东省,乳源,PDmCw,0.0
四川省,宝兴,fbWMU,0.0
四川省,石渠,ylJwh,0.0
云南省,香格里拉,GtYml,0.0
青海省,久治,VlYyh,0.0
新疆维吾尔自治区,福海,dzMlI,0.0
山西省,晋城,VKljS,0.0
广东省,新兴,guUOJ,0.0
广西壮族自治区,东兰,ewvKI,0.0
甘肃省,岷县,KKIqy,0.0
山西省,应县,LVEDc,0.0
内蒙古自治区,阿巴嘎旗,JokSy,0.0
内蒙古自治区,伊金霍洛旗,bavSd,0.0
上海市,徐家汇,bwUMl,0.0
浙江省,嘉兴,pxfeS,0.0
浙江省,嵊泗,hyYAy,0.0
福建省,安溪,hREeH,0.0
山东省,聊城,XXeBL,0.0
湖北省,黄冈,sWCpi,0.0
广西壮族自治区,融水,srRpN,0.0
云南省,云龙,dJvmC,0.0
广东省,三水,Akgoq,0.0
贵州省,望谟,hsyBU,0.0
内蒙古自治区,额济纳旗,Tskoj,0.0
黑龙江省,穆棱,ztosr,0.0
湖北省,鄂州,Agzls,0.0
湖南省,靖州,WuPCk,0.0
云南省,澜沧,sMzde,0.0
青海省,茫崖,qbNiS,0.0
河北省,曹妃甸,wrjjn,0.0
河北省,晋州,vGudX,0.0
山西省,阳泉,rwUnO,0.0
吉林省,德惠,biKXr,0.0
浙江省,平阳,mAnvB,0.0
浙江省,岱山,uURZs,0.0
福建省,闽侯,mvsaF,0.0
福建省,尤溪,jPeuC,0.0
江西省,南城,rusOd,0.0
山东省,成武,fvIrZ,0.0
山东省,利津,sxcfS,0.0
山东省,庆云,UhSnJ,0.0
山东省,莒县,qovBP,0.0
四川省,温江,xrRlZ,0.0
四川省,昭觉,keZZE,0.0
西藏自治区,革吉,RoZcS,0.0
新疆维吾尔自治区,塔中,tlkso,0.0
山西省,五台山,sxucp,0.0
安徽省,寿县,swcHe,0.0
福建省,建瓯,xQVDJ,0.0
湖南省,城步,OMJHt,0.0
广西壮族自治区,北海,lBdeM,0.0
广西壮族自治区,灵川,QWKYy,0.0
云南省,华坪,isoyJ,0.0
辽宁省,新宾,CDFHM,0.0
辽宁省,喀左,syxYZ,0.0
辽宁省,义县,VXqUh,0.0
福建省,三明,CZiRH,0.0
云南省,大关,sIkPn,0.0
河北省,张家口,AXmqR,0.0
内蒙古自治区,克什克腾旗,bZqhw,0.0
内蒙古自治区,五原,mWFOR,0.0
江苏省,丹阳,tCUFF,0.0
山东省,邹平,CjTiK,0.0
湖南省,东安,AbmUR,0.0
云南省,贡山,EIXjp,0.0
云南省,宾川,AQzCk,0.0
云南省,维西,sTINS,0.0
西藏自治区,尼玛,mQTEU,0.0
河北省,泊头,pSXjM,0.0
河北省,永年,bJQcD,0.0
山西省,定襄,NkWQP,0.0
吉林省,九台,NSawy,0.0
黑龙江省,塔河,CDeOK,0.0
江苏省,泰州,kQswL,0.0
山东省,汶上,bkOgY,0.0
西藏自治区,边坝,LWGKt,0.0
西藏自治区,措美,JsTgd,0.0
河北省,大城,qitbz,0.0
河北省,孟村,gKfij,0.0
吉林省,镇赉,fboAj,0.0
黑龙江省,甘南,sjFeU,0.0
浙江省,天台,vhvOJ,0.0
山东省,文登,hfNKh,0.0
山东省,新泰,iTSlT,0.0
四川省,阿坝,ujnor,0.0
云南省,漾濞,YeTRa,0.0
内蒙古自治区,四子王旗,rWZNd,0.0
浙江省,富阳,fCxxp,0.0
山东省,临朐,jUPiO,0.0
山东省,平原,aIdOj,0.0
湖南省,泸溪,XsVCU,0.0
广西壮族自治区,环江,ojAnR,0.0
云南省,江川,FvhhF,0.0
云南省,丘北,AFYaW,0.0
新疆维吾尔自治区,特克斯,piUzn,0.0
浙江省,磐安,QxmlB,0.0
浙江省,诸暨,gfWSV,0.0
江西省,信丰,FaYju,0.0
四川省,宁南,CGouW,0.0
云南省,宣威,kGSGu,0.0
新疆维吾尔自治区,阿克陶,LEeJY,0.0
河北省,广宗,mKRmY,0.0
内蒙古自治区,杭锦后旗,nxQJT,0.0
内蒙古自治区,磴口,CaZRE,0.0
福建省,厦门,gDCDS,0.0
福建省,邵武,QtQEY,0.0
湖南省,新田,qxrUF,0.0
广东省,惠阳,VixPE,0.0
云南省,永仁,tUEbc,0.0
河北省,隆化,KkHVu,0.0
河北省,南宫,QDdHX,0.0
山西省,阳高,jLWui,0.0
辽宁省,彰武,NfXsS,0.0
吉林省,桦甸,Eanln,0.0
黑龙江省,牡丹江,WhkSY,0.0
山东省,五莲,xpnot,0.0
广东省,罗定,oUjcx,0.0
四川省,井研,XkJdi,0.0
甘肃省,陇西,IcnHv,0.0
内蒙古自治区,康巴什体育中心,kHoWx,0.0
黑龙江省,讷河,ASmKv,0.0
上海市,闵行,ttcsH,0.0
江西省,大余,scXAG,0.0
江西省,金溪,IxliU,0.0
广东省,鹤山,TDgRC,0.0
广东省,云浮,JMZwt,0.0
广西壮族自治区,隆安,GcmlG,0.0
四川省,新龙,wbJUU,0.0
陕西省,镇安,tXRiV,0.0
河北省,顺平,AFgnu,0.0
黑龙江省,七台河,olTln,0.0
湖南省,江华,dCAYY,0.0
广东省,龙川,aalii,0.0
西藏自治区,拉孜,PXSQe,0.0
甘肃省,酒泉,vDJSl,0.0
新疆维吾尔自治区,阿图什,SzKmL,0.0
内蒙古自治区,根河,VRnKw,0.0
辽宁省,台安,pLCPo,0.0
江西省,德安,NtswH,0.0
山东省,梁山,XjiXe,0.0
湖南省,沅陵县,RAzQc,0.0
云南省,景洪,mDayj,0.0
云南省,金平,bhlMI,0.0
云南省,景东,KrpXJ,0.0
西藏自治区,扎囊,SbMuy,0.0
甘肃省,古浪,NGpEn,0.0
内蒙古自治区,高力板,KgMGe,0.0
内蒙古自治区,托克托,PKpIA,0.0
黑龙江省,孙吴,mmcxS,0.0
浙江省,嘉善,UvOFB,0.0
浙江省,温岭,IgYwQ,0.0
西藏自治区,萨迦,cCWKV,0.0
新疆维吾尔自治区,乌鲁木齐,lIPam,0.0
新疆维吾尔自治区,托里,eseSA,0.0
河北省,丰润,Aaghn,0.0
河北省,景县,gMmSA,0.0
河北省,易县,mnilQ,0.0
河北省,栾城,vPoEm,0.0
辽宁省,开原,TlVpC,0.0
浙江省,杭州,HIieJ,0.0
西藏自治区,比如,sTjgZ,0.0
河北省,承德,oWYwK,0.0
河北省,临城,tBOjo,0.0
内蒙古自治区,东乌珠穆沁旗,oxWik,0.0
内蒙古自治区,科尔沁右翼中旗,ruoKn,0.0
浙江省,宁海,leUlH,0.0
山东省,高唐,tOfjr,0.0
广西壮族自治区,苍梧,VyzYZ,0.0
北京市,密云,SlmGF,0.0
山西省,方山,zAYzL,0.0
内蒙古自治区,舍伯吐,EMAsi,0.0
黑龙江省,绥芬河,PtgOS,0.0
江苏省,睢宁,tdTgS,0.0
河南省,鹿邑,BNljK,0.0
湖南省,洞口,AWZQQ,0.0
广西壮族自治区,钟山,zgIKQ,0.0
贵州省,从江,inRGg,0.0
云南省,孟连,oqzlP,0.0
西藏自治区,札达,lqFFl,0.0
新疆维吾尔自治区,克拉玛依,RHxwy,0.0
新疆维吾尔自治区,阜康,FoOEx,0.0
河北省,故城,eRflS,0.0
河北省,巨鹿,XXUYp,0.0
河北省,吴桥,MHgRX,0.0
内蒙古自治区,正蓝旗,cxbVU,0.0
吉林省,伊通,HHeks,0.0
黑龙江省,密山,yqikp,0.0
黑龙江省,同江,qrZkO,0.0
山东省,莱阳,qTVLu,0.0
山东省,商河,lirNX,0.0
山东省,寿光,QaFTJ,0.0
广东省,连州,mvsdx,0.0
广西壮族自治区,凭祥,EzlaC,0.0
重庆市,忠县,QHcEb,0.0
云南省,大姚,adcMw,0.0
河北省,峰峰,eRyds,0.0
内蒙古自治区,太仆寺旗,ckJon,0.0
江苏省,通州,EvnXS,0.0
福建省,长乐,dCAXE,0.0
山东省,陵城,egBEZ,0.0
广东省,潮阳,aDjqK,0.0
广西壮族自治区,宜州,VxpiW,0.0
新疆维吾尔自治区,皮山,WupeJ,0.0
河北省,南皮,EtUJU,0.0
山西省,古县,FCrZy,0.0
辽宁省,铁岭,WDQHL,0.0
黑龙江省,北安,FUBSc,0.0
浙江省,东阳,IdQKQ,0.0
湖南省,永顺,LLJXv,0.0
广东省,南雄,dzcNI,0.0
贵州省,册亨,YkFXJ,0.0
甘肃省,合作,eLDNl,0.0
新疆维吾尔自治区,博乐,hSwcs,0.0
黑龙江省,依兰,dmjQR,0.0
浙江省,建德,UVshw,0.0
浙江省,仙居,JhVpH,0.0
安徽省,天长,VHRnN,0.0
福建省,崇武,qFozG,0.0
山东省,武城,tUgxh,0.0
广东省,阳江,dCezB,0.0
广东省,乐昌,JvNgy,0.0
西藏自治区,曲水,Zdljf,0.0
甘肃省,东乡,XmAHB,0.0
青海省,贵德,UYGyq,0.0
河北省,武强,KZDpU,0.0
内蒙古自治区,莫力达瓦达斡尔族自治旗,EDzaW,0.0
吉林省,东岗,VVKCO,0.0
江苏省,宝应,ojvBC,0.0
山东省,荣成,UkLVz,0.0
湖南省,凤凰,HHWQT,0.0
西藏自治区,类乌齐,cnvAw,0.0
甘肃省,嘉峪关,WVCbx,0.0
山西省,尖草坪,ANMfd,0.0
山西省,灵丘,cyeJN,0.0
福建省,政和,lztqa,0.0
山东省,长岛,OxxPJ,0.0
山东省,济阳,pGgRb,0.0
重庆市,丰都,fVOJL,0.0
四川省,巴塘,QYPTJ,0.0
云南省,鲁甸,SCUAp,0.0
西藏自治区,昌都,FKHOa,0.0
甘肃省,甘谷,dUFbz,0.0
新疆维吾尔自治区,布尔津,OCkda,0.0
浙江省,龙港,ibexn,0.0
山东省,东营,CHtLx,0.0
山东省,禹城,TGZZO,0.0
湖南省,岳阳县,shWKT,0.0
广东省,雷州,pfvjr,0.0
青海省,尖扎,rQGTz,0.0
新疆维吾尔自治区,额敏,BFpxB,0.0
新疆维吾尔自治区,库车,BVaDD,0.0
河北省,玉田,SHtYc,0.0
山西省,左云,bkbPS,0.0
黑龙江省,兰西,cGaLJ,0.0
西藏自治区,那曲,aDeyn,0.0
甘肃省,玛曲,CouTD,0.0
甘肃省,永登,SRPTQ,0.0
新疆维吾尔自治区,奇台,AWxpU,0.0
河北省,高阳,QIPjL,0.0
内蒙古自治区,扎赉特旗,XPlcN,0.0
辽宁省,凤城,ORxzx,0.0
福建省,沙县,FqHOP,0.0
湖南省,洪江,dGOEo,0.0
广西壮族自治区,临桂,nZlPQ,0.0
云南省,兰坪,zOAAs,0.0
西藏自治区,林芝,ulvCs,0.0
陕西省,府谷,Nudny,0.0
新疆维吾尔自治区,策勒,LqeGf,0.0
内蒙古自治区,额尔古纳,KXNSC,0.0
江苏省,洪泽,sZMPB,0.0
江苏省,如皋,UWfDb,0.0
山东省,垦利,JdGrX,0.0
广西壮族自治区,兴安,ewdcN,0.0
云南省,南涧,LOAhC,0.0
西藏自治区,八宿,TePqj,0.0
西藏自治区,林周,LKwJC,0.0
甘肃省,临潭,mRFLX,0.0
甘肃省,夏河,SDGOR,0.0
河北省,高邑,Slmxc,0.0
河北省,献县,KCdLb,0.0
辽宁省,长海,KKlGS,0.0
吉林省,辽源,pSYcD,0.0
黑龙江省,海伦,NTbXS,0.0
山东省,长清,wpvMw,0.0
湖南省,汝城,xyZXg,0.0
贵州省,普安,RYLXT,0.0
云南省,曲靖,rYbQI,0.0
云南省,元江,noiqK,0.0
西藏自治区,左贡,zGZrq,0.0
青海省,同仁,bKSuW,0.0
吉林省,东丰,yGbVo,0.0
黑龙江省,抚远,DVtZN,0.0
浙江省,永嘉,ewupG,0.0
四川省,甘孜,EvJZp,0.0
河北省,盐山,lqiAy,0.0
河北省,涿鹿,oqgGH,0.0
吉林省,松原,jJpzl,0.0
黑龙江省,肇源,aurwd,0.0
河南省,宁陵,lAMXm,0.0
湖南省,双牌,CcRaN,0.0
甘肃省,永靖,BjkVk,0.0
青海省,祁连,QwhuI,0.0
新疆维吾尔自治区,拜城,jcFzJ,0.0
河北省,饶阳,VyOJb,0.0
山西省,山阴,KXQMd,0.0
江苏省,连云港,HPnPL,0.0
福建省,连江,aOgsa,0.0
广西壮族自治区,扶绥,RyKSg,0.0
海南省,保亭,YoUoQ,0.0
西藏自治区,墨竹工卡,aqFzl,0.0
河北省,枣强,PZHKx,0.0
山西省,榆社,mQwJl,0.0
山西省,稷山,FJUIg,0.0
吉林省,双阳,DPsgS,0.0
江苏省,东台,OYMXg,0.0
浙江省,海盐,Guoip,0.0
福建省,浦城,lTvde,0.0
云南省,石屏,aCCnk,0.0
河北省,安国,vceHS,0.0
河北省,大名,ylLRu,0.0
内蒙古自治区,清水河,kdzjw,0.0
内蒙古自治区,土默特左旗,XSgaX,0.0
辽宁省,盘山,cXRsH,0.0
黑龙江省,绥棱,yDfoU,0.0
江苏省,泰兴,pzmbN,0.0
江西省,安福,AQXam,0.0
广东省,连平,GawAp,0.0
广西壮族自治区,河池,GGGqW,0.0
广西壮族自治区,田东,Rtnkn,0.0
四川省,泸定,wipjP,0.0
云南省,元阳,cXVUi,0.0
西藏自治区,岗巴,slNhe,0.0
西藏自治区,申扎,QAkim,0.0
内蒙古自治区,乌兰浩特,UbrmG,0.0
黑龙江省,木兰,SZwbc,0.0
江苏省,高邮,DRlfC,0.0
江西省,鹰潭,UWvkt,0.0
云南省,保山,DQgGy,0.0
云南省,镇沅,XcWKq,0.0
辽宁省,锦州,LgDdn,0.0
福建省,德化,MKbSW,0.0
湖南省,衡阳,ObykY,0.0
广东省,花都,DFILe,0.0
四川省,新津,NZCjp,0.0
贵州省,赫章,CpxKp,0.0
云南省,蒙自,kXzHY,0.0
甘肃省,白银,soZAZ,0.0
新疆维吾尔自治区,阿拉山口,LrfAz,0.0
吉林省,吉林城郊,bQxQX,0.0
黑龙江省,鸡西,tsmWc,0.0
黑龙江省,青冈,vIgUg,0.0
浙江省,路桥,HDqqP,0.0
广西壮族自治区,来宾,qxttW,0.0
广西壮族自治区,象州,SlPMS,0.0
四川省,安州,wCrVC,0.0
云南省,澄江,mNpXo,0.0
云南省,弥勒,tdwdj,0.0
内蒙古自治区,八里罕,ATOFT,0.0
吉林省,洮南,YWjdQ,0.0
福建省,罗源,JZMnV,0.0
广东省,揭阳,rUWdQ,0.0
广东省,恩平,WdPrA,0.0
广东省,吴川,eQFwU,0.0
广西壮族自治区,全州,bEdfI,0.0
广西壮族自治区,天等,wOjTL,0.0
四川省,丹巴,TgXGK,0.0
新疆维吾尔自治区,伊宁,Zfpil,0.0
辽宁省,金州,ztLuW,0.0
辽宁省,岫岩,FzPMK,0.0
浙江省,安吉,qytam,0.0
山东省,夏津,uEdGj,0.0
贵州省,威宁,ZCKHS,0.0
云南省,昭通,CMqgr,0.0
西藏自治区,加查,oDAXC,0.0
河北省,武安,FwHWv,0.0
山西省,武乡,zJdqY,0.0
内蒙古自治区,正镶白旗,LxGsx,0.0
黑龙江省,肇州,Yopij,0.0
山东省,威海,KeEOQ,0.0
山东省,昌乐,HyQcY,0.0
湖南省,张家界,FOUZo,0.0
西藏自治区,昂仁,ASoRj,0.0
河北省,新河,YGLDG,0.0
内蒙古自治区,霍林郭勒,NyoHN,0.0
辽宁省,抚顺,shhKE,0.0
吉林省,靖宇,MZJvo,0.0
黑龙江省,林甸,gleUW,0.0
江苏省,启东,omKcH,0.0
江苏省,新沂,hDLrj,0.0
广东省,博罗,dThPV,0.0
广西壮族自治区,马山,pfTel,0.0
云南省,禄劝,fPIjF,0.0
河北省,尚义,BukSn,0.0
山西省,五台,AMKDZ,0.0
辽宁省,灯塔,rtLUT,0.0
江西省,兴国,SNxjz,0.0
四川省,蒲江,VpUpp,0.0
贵州省,兴义,bUbyg,0.0
甘肃省,漳县,oMLOo,0.0
山西省,古交,ZCnNp,0.0
山西省,潞城,yGPnj,0.0
山西省,神池,tBsIw,0.0
内蒙古自治区,牙克石,Djmsc,0.0
辽宁省,黑山,sNHAg,0.0
吉林省,长白,rZsMv,0.0
江苏省,大丰,ZAxsG,0.0
福建省,清流,AViZE,0.0
云南省,凤庆,wpVlw,0.0
云南省,巧家,vdyEU,0.0
青海省,兴海,NYsvc,0.0
新疆维吾尔自治区,焉耆,QiKzF,0.0
河北省,临西,quDcn,0.0
吉林省,双辽,ZAyGR,0.0
浙江省,衢州,ydEbu,0.0
浙江省,海曙,icFyg,0.0
浙江省,桐庐,psguG,0.0
福建省,福鼎,DmjbL,0.0
江西省,奉新,ElOyt,0.0
山东省,日照,GoJQw,0.0
山东省,昌邑,RbeQd,0.0
河南省,卫辉,JrcpD,0.0
新疆维吾尔自治区,精河,bpMAs,0.0
新疆维吾尔自治区,伊吾,fvHql,0.0
北京市,房山,sNifH,0.0
河北省,邢台,WgyJx,0.0
河北省,馆陶,cAOkd,0.0
河北省,迁西,qvzeN,0.0
浙江省,临平,uymCz,0.0
安徽省,萧县,CKmzv,0.0
江西省,龙南,RwBam,0.0
山东省,莒南,Daeda,0.0
广东省,五华,CSvzA,0.0
广西壮族自治区,那坡,rDxZb,0.0
云南省,龙陵,ZVCsS,0.0
西藏自治区,朗县,OIMSP,0.0
甘肃省,天水,tiBhu,0.0
宁夏回族自治区,惠农,eJNvo,0.0
河北省,肃宁,gZrxg,0.0
江苏省,灌云,SQNaH,0.0
山东省,即墨,qtBFp,0.0
河南省,夏邑,LoNcn,0.0
广西壮族自治区,浦北,GKglE,0.0
新疆维吾尔自治区,蔡家湖,WRyLq,0.0
内蒙古自治区,敖汉旗,luTCQ,0.0
内蒙古自治区,察右中旗,bmgqt,0.0
内蒙古自治区,拐子湖,voiPf,0.0
江苏省,滨海,Yjdlm,0.0
浙江省,云和,ywpHz,0.0
江西省,贵溪,uYodl,0.0
山东省,金乡,yMtZS,0.0
云南省,红河,kLDAL,0.0
西藏自治区,波密,nAOVR,0.0
甘肃省,宕昌,HoerP,0.0
河北省,河间,pWduF,0.0
河北省,任泽,zkSoL,0.0
山西省,浑源,uWhuB,0.0
江苏省,海门,OJsnx,0.0
江苏省,江阴,aBsDt,0.0
福建省,莆田,XbBQN,0.0
广东省,电白,XEsSv,0.0
广西壮族自治区,武鸣,MNLCT,0.0
河北省,崇礼,pOnxu,0.0
河北省,滦南,RlsNU,0.0
山西省,临县,bAyTQ,0.0
辽宁省,桓仁,YFYje,0.0
辽宁省,建昌,gkBIR,0.0
黑龙江省,漠河,JRtnt,0.0
浙江省,金华,QMNma,0.0
安徽省,青阳,tccCZ,0.0
山东省,济宁,Jmcsg,0.0
广西壮族自治区,罗城,McWVA,0.0
广西壮族自治区,昭平,FCRtF,0.0
海南省,东方,wAOgT,0.0
云南省,华宁,cCkAx,0.0
新疆维吾尔自治区,昌吉,bIfiH,0.0
山西省,朔州,OtlfP,0.0
吉林省,农安,wTAnf,0.0
黑龙江省,富裕,dpauo,0.0
福建省,诏安,EXzXq,0.0
广东省,陆丰,BFDXU,0.0
广西壮族自治区,恭城,erDXS,0.0
新疆维吾尔自治区,尉犁,RpLvF,0.0
河北省,深州,upNrO,0.0
吉林省,珲春,svLkX,0.0
浙江省,奉化,fBeVR,0.0
浙江省,黄岩,ScBYE,0.0
福建省,秀屿,vNifC,0.0
山东省,牟平,SvXef,0.0
广西壮族自治区,三江,GHIyC,0.0
西藏自治区,南木林,PTWfQ,0.0
甘肃省,麦积,jbIhR,0.0
河北省,高碑店,nSuxQ,0.0
内蒙古自治区,兴和,BtVpC,0.0
上海市,宝山,QtPRO,0.0
安徽省,郎溪,sImJG,0.0
福建省,福清,OJcaE,0.0
福建省,同安,lvXIl,0.0
湖南省,石门,ZGIRj,0.0
云南省,施甸,qlNLn,0.0
西藏自治区,白朗,uVBXZ,0.0
西藏自治区,贡觉,MSEXT,0.0
西藏自治区,萨嘎,cKpCs,0.0
山东省,淄博,BGfNv,0.0
河南省,淇县,TbHws,0.0
河南省,睢县,XMgFC,0.0
西藏自治区,仁布,VCtjf,0.0
甘肃省,武都,MyfIx,0.0
山西省,襄垣,WDsDq,0.0
辽宁省,法库,qNemb,0.0
安徽省,旌德,OcJPm,0.0
河南省,鹤壁,NYclC,0.0
广西壮族自治区,西林,lrJzf,0.0
云南省,富源,BrRuR,0.0
云南省,晋宁,lMQXt,0.0
天津市,静海,RvNCI,0.0
内蒙古自治区,鄂托克旗,EoybG,0.0
福建省,云霄,CSeyS,0.0
山东省,沂南,zlfuA,0.0
广东省,英德,VOhrT,0.0
四川省,甘洛,sXvuQ,0.0
云南省,宁洱,eoMMH,0.0
新疆维吾尔自治区,岳普湖,zEUul,0.0
新疆维吾尔自治区,伽师,lTSgf,0.0
山西省,寿阳,FlXtf,0.0
江西省,渝水,uvdbB,0.0
江西省,三清山,fzyRB,0.0
山东省,临邑,OAUlG,0.0
广东省,新会,fhvuE,0.0
广西壮族自治区,贵港,UzLca,0.0
广西壮族自治区,岑溪,VnBvF,0.0
云南省,福贡,ywnBK,0.0
内蒙古自治区,奈曼旗,iBrpm,0.0
吉林省,四平,UIlgs,0.0
黑龙江省,逊克,mWSYM,0.0
上海市,金山,XJLoP,0.0
福建省,霞浦,ZQgRD,0.0
山东省,滨州,penbZ,0.0
山东省,高青,rOruH,0.0
山东省,临沭,JkOIC,0.0
山东省,栖霞,OXjTR,0.0
河南省,内黄,XHxri,0.0
广东省,惠东,YMcmt,0.0
广西壮族自治区,平果,EHHiy,0.0
四川省,喜德,eMFmS,0.0
甘肃省,张家川,IZvdZ,0.0
青海省,刚察,atPnu,0.0
北京市,丰台,WgwUa,0.0
河北省,宽城,aQZks,0.0
河北省,威县,LzLae,0.0
河北省,魏县,JdkhE,0.0
内蒙古自治区,包头,wzspS,0.0
内蒙古自治区,赤峰,yiSxk,0.0
江苏省,沛县,HQOOW,0.0
四川省,白玉,BSGFT,0.0
四川省,布拖,rlCwh,0.0
西藏自治区,浪卡子,PYgWA,0.0
北京市,怀柔,zWIHa,0.0
河北省,唐山,aCRJR,0.0
河北省,涉县,YueHa,0.0
内蒙古自治区,新巴尔虎左旗,HEXvi,0.0
福建省,大田,vYGga,0.0
福建省,华安,OopEB,0.0
江西省,靖安,agoIZ,0.0
湖南省,祁阳,tjUoi,0.0
广东省,珠海,sdnjf,0.0
广西壮族自治区,桂林,qiegc,0.0
新疆维吾尔自治区,巩留,FsktL,0.0
河北省,阳原,daicd,0.0
内蒙古自治区,东胜,RPPfG,0.0
浙江省,鄞州,TNaZf,0.0
江苏省,如东,EseOS,0.0
江苏省,张家港,ZGGdV,0.0
江西省,铅山,zGnNC,0.0
广东省,东莞,cqsJg,0.0
广东省,徐闻,arOUO,0.0
甘肃省,榆中,FXosK,0.0
河北省,乐亭,BygfA,0.0
山西省,广灵,pbxDH,0.0
山西省,怀仁,Ggdzs,0.0
江西省,浮梁,QLKkM,0.0
广东省,高要,uPyfo,0.0
河北省,任丘,nBdMW,0.0
内蒙古自治区,扎鲁特旗,KhOia,0.0
黑龙江省,友谊,uxvdb,0.0
江苏省,建湖,KjVdj,0.0
江苏省,昆山,OxFhx,0.0
江西省,上犹,OEtxs,0.0
山东省,宁津,jHmKo,0.0
广西壮族自治区,陆川,Ringx,0.0
海南省,文昌,YdxTG,0.0
西藏自治区,谢通门,xUpde,0.0
山西省,上党,FkfwN,0.0
山西省,交城,HHUAJ,0.0
辽宁省,阜新,uxzEA,0.0
黑龙江省,铁力,ADOZr,0.0
山东省,嘉祥,QeBBO,0.0
山东省,莱西,TFySn,0.0
山东省,沂水,mxDTK,0.0
广西壮族自治区,隆林,eIpEZ,0.0
新疆维吾尔自治区,铁干里克,jaCzk,0.0
新疆维吾尔自治区,叶城,baeXx,0.0
河北省,柏乡,dVXww,0.0
河北省,临漳,iStnu,0.0
河北省,辛集,HdwIC,0.0
山西省,长子,Siujx,0.0
山西省,中阳,QOTQG,0.0
辽宁省,建平,SNUdT,0.0
辽宁省,新民,eIJxg,0.0
安徽省,歙县,dkFXw,0.0
福建省,永安,LdOYj,0.0
山东省,平阴,CGpgS,0.0
甘肃省,民乐,rebjh,0.0
宁夏回族自治区,平罗,yEKbm,0.0
新疆维吾尔自治区,于田,eKceY,0.0
河北省,无极,YGoOp,0.0
山西省,左权,VFmuE,0.0
内蒙古自治区,海力素,JwQIK,0.0
江苏省,响水,ZQVMR,0.0
山东省,诸城,QOccb,0.0
海南省,定安,yartD,0.0
四川省,南溪,VNdMl,0.0
云南省,麻栗坡,KifAk,0.0
新疆维吾尔自治区,乌苏,VDvKy,0.0
河北省,文安,TKCta,0.0
内蒙古自治区,巴林右旗,tUiFh,0.0
黑龙江省,延寿,pvnEo,0.0
湖南省,新晃,ZOQOg,0.0
云南省,思茅,qpYuM,0.0
云南省,武定,HvkQI,0.0
云南省,彝良,ifitb,0.0
河北省,深泽,vGtXb,0.0
河北省,徐水,VNsra,0.0
内蒙古自治区,巴彦诺日公,wutxB,0.0
吉林省,公主岭,OHlxo,0.0
广西壮族自治区,藤县,cLDZq,0.0
山西省,壶关,kCXTL,0.0
吉林省,长岭,oLJTA,0.0
黑龙江省,北林,gSmNE,0.0
江苏省,姜堰,GNnVR,0.0
福建省,武平,eimDh,0.0
山东省,费县,lIbva,0.0
广东省,廉江,tCFax,0.0
云南省,沾益,FITcL,0.0
西藏自治区,丁青,pwraz,0.0
内蒙古自治区,鄂伦春自治旗,xSEoe,0.0
上海市,嘉定,HZYrL,0.0
江苏省,金坛区,aZxdI,0.0
河南省,台前,gpsQp,0.0
内蒙古自治区,巴林左旗,ekOdZ,0.0
浙江省,兰溪,qgpLh,0.0
广东省,连南,KdUeP,0.0
广西壮族自治区,龙胜,HYxdu,0.0
四川省,炉霍,wazHg,0.0
四川省,色达,jWXIj,0.0
新疆维吾尔自治区,阿瓦提,EvmKC,0.0
黑龙江省,饶河,wFzHQ,0.0
黑龙江省,双城,eXUdr,0.0
浙江省,临安,rPweL,0.0
浙江省,新昌,CNewz,0.0
江西省,横峰,JfPmD,0.0
江西省,万年,Eploe,0.0
山东省,福山,xRWQS,0.0
湖南省,冷水江,gUDwK,0.0
湖南省,邵东,qChSW,0.0
广西壮族自治区,柳江,NdusB,0.0
贵州省,兴仁,PYXIV,0.0
云南省,峨山,xvRTr,0.0
黑龙江省,尚志,JAcDZ,0.0
江苏省,太仓,ZOrBB,0.0
福建省,仙游,iHCBC,0.0
山东省,德州,polCM,0.0
河南省,长垣,tvhjZ,0.0
云南省,陇川,IPydV,0.0
新疆维吾尔自治区,巴楚,maCEn,0.0
新疆维吾尔自治区,达坂城,wmimk,0.0
新疆维吾尔自治区,天池,WiYil,0.0
北京市,延庆,FzrMk,0.0
河北省,张北,Ykfmn,0.0
辽宁省,沈阳,xasvS,0.0
江苏省,淮安区,DXKse,0.0
浙江省,萧山,wdcXE,0.0
山东省,薛城,fDkIG,0.0
四川省,盐边,BXVJQ,0.0
贵州省,晴隆,rKyfM,0.0
新疆维吾尔自治区,米东区,gIolY,0.0
天津市,蓟州,eiGrT,0.0
辽宁省,本溪,fZXDt,0.0
上海市,崇明,fndTJ,0.0
江苏省,邳州,EizdM,0.0
福建省,平潭,aZFOr,0.0
山东省,东明,bxfmq,0.0
广西壮族自治区,鹿寨,waYqJ,0.0
四川省,木里,bmyFo,0.0
宁夏回族自治区,陶乐,wODLX,0.0
新疆维吾尔自治区,尼勒克,eGeWh,0.0
黑龙江省,克山,CbmDS,0.0
山东省,菏泽,MGAnB,0.0
广西壮族自治区,崇左,Pnyfc,0.0
四川省,理塘,AJBNE,0.0
贵州省,剑河,WXmQk,0.0
云南省,耿马,ASpgY,0.0
青海省,河南,PdgVo,0.0
天津市,黑牛城,eAfAu,0.0
内蒙古自治区,满洲里,lpQez,0.0
浙江省,镇海,VdwKZ,0.0
广东省,揭西,iBvsp,0.0
西藏自治区,贡嘎,ZBHIZ,0.0
黑龙江省,方正,pIYbE,0.0
江西省,进贤,CBQqX,0.0
广东省,连山,auxCc,0.0
广西壮族自治区,武宣,WUgNU,0.0
四川省,汶川,TSnaG,0.0
内蒙古自治区,乌拉特后旗,EbPeZ,0.0
浙江省,柯桥,VzTiT,0.0
浙江省,江山,GJsUv,0.0
山东省,巨野,vcePU,0.0
湖南省,祁东,PHwxt,0.0
广东省,遂溪,ZoOgZ,0.0
吉林省,辉南,pzlTe,0.0
吉林省,通榆,cdzFO,0.0
黑龙江省,呼中,UYVbv,0.0
黑龙江省,泰来,xcfkz,0.0
山东省,枣庄,rXLkZ,0.0
西藏自治区,江孜,QDuTR,0.0
青海省,治多,tlZCx,0.0
河北省,秦皇岛,SBrmr,0.0
辽宁省,康平,BNXKe,0.0
浙江省,莲都,DYqLs,0.0
西藏自治区,达孜,IqfNl,0.0
新疆维吾尔自治区,托克逊,xKqfo,0.0
内蒙古自治区,阿拉善左旗,ijwRt,0.0
吉林省,和龙,VEYqP,0.0
上海市,奉贤,BOoen,0.0
江西省,峡江,pMHJc,0.0
云南省,呈贡,cHXNh,0.0
宁夏回族自治区,石嘴山,jNMZg,0.0
新疆维吾尔自治区,泽普,aFKNj,0.0
黑龙江省,五常,wDTbt,0.0
浙江省,南浔,mWMSb,0.0
贵州省,六枝,XTKOc,0.0
云南省,丽江,AwEIF,0.0
云南省,六库,LIOMK,0.0
山西省,和顺,tOgRV,0.0
山西省,静乐,KcsUl,0.0
湖南省,娄底,ZrEsO,0.0
广西壮族自治区,德保,rBrTd,0.0
广西壮族自治区,邕宁,vJqiP,0.0
河北省,藁城,BMDXb,0.0
山西省,岢岚,ucItd,0.0
内蒙古自治区,多伦,AinEl,0.0
广西壮族自治区,南宁,dvHfb,0.0
广西壮族自治区,龙州,fwsCN,0.0
内蒙古自治区,海拉尔,ZnVfr,0.0
辽宁省,西丰,arJtC,0.0
吉林省,梅河口,aEizR,0.0
黑龙江省,伊春,BAQLD,0.0
江苏省,盐都,XABKt,0.0
浙江省,德清,FVPPn,0.0
江西省,修水,kmdsU,0.0
江西省,永丰,LZRYi,0.0
广东省,化州,IFnQk,0.0
云南省,建水,PzHAZ,0.0
云南省,云县,DIrSp,0.0
青海省,班玛,PTXCN,0.0
宁夏回族自治区,永宁,RokyE,0.0
新疆维吾尔自治区,巴仑台,Tbgnv,0.0
新疆维吾尔自治区,青河,KUgXP,0.0
新疆维吾尔自治区,乌什,CUUUw,0.0
香港特别行政区,香港天文台,hcBhy,0.0
北京市,通州,UXDVf,0.0
吉林省,长春,mxFBj,0.0
浙江省,庆元,eAFNK,0.0
山东省,青州,OxxJw,0.0
广东省,郁南,qUoQR,0.0
云南省,南华,tJxiW,0.0
西藏自治区,当雄,fXROy,0.0
山西省,沁县,MizAK,0.0
内蒙古自治区,白云鄂博,tPIAd,0.0
吉林省,集安,qTfcE,0.0
黑龙江省,新林,HbMIl,0.0
浙江省,玉环,DoUMx,0.0
福建省,福安,JNJhg,0.0
山东省,峄城,Jchqy,0.0
广东省,茂名,aELXI,0.0
广东省,仁化,aDgrE,0.0
四川省,德格,BLtuX,0.0
西藏自治区,日喀则,wcnpZ,0.0
甘肃省,山丹,rpbil,0.0
河北省,曲阳,KVJiP,0.0
山西省,大同,VZgct,0.0
内蒙古自治区,通辽,LUAqU,0.0
黑龙江省,东宁,tALrP,0.0
浙江省,平湖,TJTpA,0.0
广东省,阳山,cUuBr,0.0
云南省,鹤庆,Oepdl,0.0
甘肃省,玉门,EydtH,0.0
新疆维吾尔自治区,霍城,cuwlP,0.0
新疆维吾尔自治区,裕民,EDyyx,0.0
河北省,平泉,rhIky,0.0
山西省,盂县,YZvdq,0.0
内蒙古自治区,陈巴尔虎旗,RLQwC,0.0
吉林省,汪清,DuMLb,0.0
江西省,广丰区,idTyI,0.0
山东省,泗水,hCYEk,0.0
云南省,永善,PhcCu,0.0
甘肃省,秦安,sSjzn,0.0
江苏省,赣榆,tPkeh,0.0
安徽省,定远,cSxfG,0.0
福建省,将乐,ebxsQ,0.0
山东省,临沂,aGpFP,0.0
河南省,南乐,iJyTs,0.0
广西壮族自治区,梧州,EUqSO,0.0
广西壮族自治区,容县,dhbAc,0.0
贵州省,镇宁,wgmRr,0.0
河北省,东光,BRTol,0.0
内蒙古自治区,武川,LDamn,0.0
黑龙江省,嫩江,vbooM,0.0
浙江省,三门,hsEmE,0.0
山东省,蓬莱,olEzI,0.0
四川省,攀枝花,jrDgO,0.0
四川省,南部,gGLzn,0.0
甘肃省,敦煌,iGqZd,0.0
内蒙古自治区,二连浩特,OJrdF,0.0
内蒙古自治区,林西,pVsnu,0.0
江苏省,海安,EImCv,0.0
江苏省,金湖,LhZvh,0.0
浙江省,义乌,Izail,0.0
江西省,泰和,BKtiM,0.0
山东省,平邑,WxWXe,0.0
山东省,周村,yuEhv,0.0
海南省,三亚,PtnWb,0.0
四川省,小金,ofevQ,0.0
云南省,沧源,eKeha,0.0
云南省,姚安,mcYHb,0.0
河北省,邱县,uEdAG,0.0
山西省,夏县,LetlZ,0.0
山东省,冠县,bxVRB,0.0
湖南省,宁远,PKMwh,0.0
广东省,汕尾,hlwPp,0.0
广西壮族自治区,北流,eDcTO,0.0
四川省,会东,QcLmg,0.0
四川省,荣县,JizVy,0.0
西藏自治区,拉萨,utJQK,0.0
河北省,隆尧,CoRNr,0.0
辽宁省,宽甸,NevSD,0.0
吉林省,磐石,vIHTg,0.0
海南省,儋州,pFFlS,0.0
青海省,曲麻莱,hbAvz,0.0
河北省,新乐,xNnEo,0.0
河北省,永清,DaCoA,0.0
浙江省,椒江,hqPdG,0.0
福建省,龙岩,AVWuS,0.0
福建省,长汀,VDGUO,0.0
江西省,余江,vKOSS,0.0
广西壮族自治区,凤山,CfJOI,0.0
西藏自治区,安多,iVIrH,0.0
青海省,称多查拉沟,IIiyA,0.0
新疆维吾尔自治区,巴音布鲁克,BNxlq,0.0
新疆维吾尔自治区,和静,ZsUMo,0.0
新疆维吾尔自治区,吉木乃,Evjap,0.0
新疆维吾尔自治区,民丰,zxIeh,0.0
山西省,太原,jmHMK,0.0
内蒙古自治区,达尔罕茂明安联合旗,kcVBl,0.0
河南省,民权,UtHHs,0.0
云南省,双江,MBVyg,0.0
西藏自治区,工布江达,nQpHn,0.0
西藏自治区,嘉黎,wNaRI,0.0
山西省,榆次,CKjmA,0.0
内蒙古自治区,准格尔旗,mrfbj,0.0
黑龙江省,宁安,ieErV,0.0
福建省,龙海,icAJc,0.0
湖南省,吉首,gWnFP,0.0
云南省,弥渡,saNmx,0.0
河北省,围场,hbBle,0.0
河北省,赵县,yXSFQ,0.0
上海市,松江,FkyWg,0.0
山东省,沂源,EOZlC,0.0
山东省,沾化,Aesmb,0.0
四川省,高县,ChpSp,0.0
西藏自治区,巴青,szXLh,0.0
新疆维吾尔自治区,呼图壁,RYXfs,0.0
山西省,阳曲,JOoEL,0.0
内蒙古自治区,苏尼特左旗,vHEXp,0.0
内蒙古自治区,乌拉特前旗,qxqVQ,0.0
黑龙江省,林口,CfgiH,0.0
江西省,婺源,QgJYN,0.0
甘肃省,临泽,xVSVN,0.0
河北省,大厂,VzbqG,0.0
内蒙古自治区,伊克乌素,QDdlB,0.0
辽宁省,东港,TDsJF,0.0
黑龙江省,庆安,yTeZo,0.0
黑龙江省,汤原,vroJw,0.0
上海市,浦东,atcMf,0.0
江苏省,涟水,ktyzF,0.0
江西省,会昌,FxLbx,0.0
江西省,乐平,LvdkW,0.0
西藏自治区,洛隆,nIxnv,0.0
河北省,鹿泉,rlWKm,0.0
河北省,安新,UujiJ,0.0
内蒙古自治区,阿尔山,dfCWY,0.0
江苏省,徐州,bWGZQ,0.0
安徽省,石台,QuuWK,0.0
福建省,漳浦,qVMDu,0.0
湖南省,茶陵,cMTxZ,0.0
四川省,北川,Xgqiu,0.0
